blood_bank_id,blood_group,units_available
b0000,A+,35
b0000,A-,65
b0000,B+,85
b0000,B-,46
b0000,AB+,93
b0000,AB-,88
b0000,O+,20
b0000,O-,85
b0001,A+,62
b0001,A-,98
b0001,B+,58
b0001,B-,25
b0001,AB+,98
b0001,AB-,47
b0001,O+,10
b0001,O-,58
b0002,A+,69
b0002,A-,91
b0002,B+,23
b0002,B-,47
b0002,AB+,75
b0002,AB-,90
b0002,O+,44
b0002,O-,60
b0003,A+,13
b0003,A-,51
b0003,B+,53
b0003,B-,91
b0003,AB+,83
b0003,AB-,17
b0003,O+,6
b0003,O-,60
b0004,A+,26
b0004,A-,19
b0004,B+,63
b0004,B-,98
b0004,AB+,99
b0004,AB-,88
b0004,O+,60
b0004,O-,50
b0005,A+,66
b0005,A-,39
b0005,B+,48
b0005,B-,73
b0005,AB+,2
b0005,AB-,31
b0005,O+,51
b0005,O-,8
b0006,A+,33
b0006,A-,12
b0006,B+,13
b0006,B-,28
b0006,AB+,35
b0006,AB-,68
b0006,O+,93
b0006,O-,52
b0007,A+,85
b0007,A-,68
b0007,B+,28
b0007,B-,79
b0007,AB+,100
b0007,AB-,67
b0007,O+,82
b0007,O-,51
b0008,A+,11
b0008,A-,76
b0008,B+,81
b0008,B-,78
b0008,AB+,64
b0008,AB-,74
b0008,O+,12
b0008,O-,80
b0009,A+,44
b0009,A-,10
b0009,B+,36
b0009,B-,51
b0009,AB+,57
b0009,AB-,78
b0009,O+,12
b0009,O-,9
b0010,A+,58
b0010,A-,77
b0010,B+,41
b0010,B-,9
b0010,AB+,41
b0010,AB-,17
b0010,O+,61
b0010,O-,20
b0011,A+,68
b0011,A-,43
b0011,B+,12
b0011,B-,47
b0011,AB+,23
b0011,AB-,11
b0011,O+,88
b0011,O-,82
b0012,A+,18
b0012,A-,55
b0012,B+,35
b0012,B-,84
b0012,AB+,23
b0012,AB-,61
b0012,O+,49
b0012,O-,20
b0013,A+,39
b0013,A-,22
b0013,B+,0
b0013,B-,76
b0013,AB+,81
b0013,AB-,58
b0013,O+,22
b0013,O-,90
b0014,A+,14
b0014,A-,5
b0014,B+,78
b0014,B-,35
b0014,AB+,11
b0014,AB-,88
b0014,O+,4
b0014,O-,32
b0015,A+,60
b0015,A-,86
b0015,B+,85
b0015,B-,12
b0015,AB+,32
b0015,AB-,43
b0015,O+,45
b0015,O-,39
b0016,A+,20
b0016,A-,75
b0016,B+,7
b0016,B-,70
b0016,AB+,29
b0016,AB-,24
b0016,O+,1
b0016,O-,53
b0017,A+,91
b0017,A-,55
b0017,B+,68
b0017,B-,66
b0017,AB+,6
b0017,AB-,54
b0017,O+,82
b0017,O-,53
b0018,A+,48
b0018,A-,7
b0018,B+,57
b0018,B-,26
b0018,AB+,70
b0018,AB-,49
b0018,O+,70
b0018,O-,38
b0019,A+,78
b0019,A-,9
b0019,B+,34
b0019,B-,65
b0019,AB+,54
b0019,AB-,49
b0019,O+,49
b0019,O-,94
b0020,A+,45
b0020,A-,15
b0020,B+,17
b0020,B-,16
b0020,AB+,9
b0020,AB-,32
b0020,O+,67
b0020,O-,36
b0021,A+,10
b0021,A-,100
b0021,B+,44
b0021,B-,58
b0021,AB+,64
b0021,AB-,76
b0021,O+,1
b0021,O-,67
b0022,A+,74
b0022,A-,39
b0022,B+,97
b0022,B-,11
b0022,AB+,40
b0022,AB-,24
b0022,O+,61
b0022,O-,61
b0023,A+,40
b0023,A-,51
b0023,B+,16
b0023,B-,75
b0023,AB+,58
b0023,AB-,11
b0023,O+,57
b0023,O-,57
b0024,A+,96
b0024,A-,61
b0024,B+,44
b0024,B-,2
b0024,AB+,5
b0024,AB-,43
b0024,O+,7
b0024,O-,36
b0025,A+,81
b0025,A-,2
b0025,B+,11
b0025,B-,52
b0025,AB+,31
b0025,AB-,81
b0025,O+,5
b0025,O-,57
b0026,A+,84
b0026,A-,66
b0026,B+,19
b0026,B-,11
b0026,AB+,2
b0026,AB-,45
b0026,O+,8
b0026,O-,82
b0027,A+,72
b0027,A-,15
b0027,B+,52
b0027,B-,21
b0027,AB+,19
b0027,AB-,80
b0027,O+,8
b0027,O-,20
b0028,A+,70
b0028,A-,51
b0028,B+,52
b0028,B-,29
b0028,AB+,26
b0028,AB-,81
b0028,O+,24
b0028,O-,55
b0029,A+,25
b0029,A-,44
b0029,B+,66
b0029,B-,78
b0029,AB+,78
b0029,AB-,23
b0029,O+,59
b0029,O-,25
b0030,A+,16
b0030,A-,9
b0030,B+,88
b0030,B-,2
b0030,AB+,41
b0030,AB-,82
b0030,O+,86
b0030,O-,42
b0031,A+,15
b0031,A-,87
b0031,B+,73
b0031,B-,91
b0031,AB+,73
b0031,AB-,3
b0031,O+,45
b0031,O-,2
b0032,A+,58
b0032,A-,26
b0032,B+,98
b0032,B-,35
b0032,AB+,96
b0032,AB-,93
b0032,O+,14
b0032,O-,61
b0033,A+,56
b0033,A-,29
b0033,B+,66
b0033,B-,92
b0033,AB+,50
b0033,AB-,65
b0033,O+,50
b0033,O-,49
b0034,A+,59
b0034,A-,80
b0034,B+,21
b0034,B-,77
b0034,AB+,64
b0034,AB-,67
b0034,O+,7
b0034,O-,81
b0035,A+,85
b0035,A-,92
b0035,B+,25
b0035,B-,17
b0035,AB+,81
b0035,AB-,20
b0035,O+,85
b0035,O-,6
b0036,A+,23
b0036,A-,53
b0036,B+,96
b0036,B-,85
b0036,AB+,25
b0036,AB-,40
b0036,O+,89
b0036,O-,95
b0037,A+,19
b0037,A-,80
b0037,B+,39
b0037,B-,45
b0037,AB+,93
b0037,AB-,95
b0037,O+,93
b0037,O-,31
b0038,A+,11
b0038,A-,95
b0038,B+,95
b0038,B-,28
b0038,AB+,77
b0038,AB-,44
b0038,O+,100
b0038,O-,58
b0039,A+,53
b0039,A-,77
b0039,B+,97
b0039,B-,73
b0039,AB+,10
b0039,AB-,88
b0039,O+,22
b0039,O-,1
b0040,A+,39
b0040,A-,94
b0040,B+,60
b0040,B-,6
b0040,AB+,4
b0040,AB-,67
b0040,O+,3
b0040,O-,37
b0041,A+,45
b0041,A-,80
b0041,B+,100
b0041,B-,30
b0041,AB+,66
b0041,AB-,23
b0041,O+,46
b0041,O-,43
b0042,A+,56
b0042,A-,54
b0042,B+,69
b0042,B-,69
b0042,AB+,35
b0042,AB-,86
b0042,O+,40
b0042,O-,0
b0043,A+,14
b0043,A-,40
b0043,B+,44
b0043,B-,67
b0043,AB+,37
b0043,AB-,54
b0043,O+,25
b0043,O-,67
b0044,A+,75
b0044,A-,17
b0044,B+,23
b0044,B-,39
b0044,AB+,86
b0044,AB-,36
b0044,O+,1
b0044,O-,100
b0045,A+,95
b0045,A-,41
b0045,B+,91
b0045,B-,4
b0045,AB+,42
b0045,AB-,99
b0045,O+,19
b0045,O-,64
b0046,A+,50
b0046,A-,3
b0046,B+,40
b0046,B-,21
b0046,AB+,5
b0046,AB-,82
b0046,O+,12
b0046,O-,50
b0047,A+,6
b0047,A-,50
b0047,B+,71
b0047,B-,97
b0047,AB+,12
b0047,AB-,70
b0047,O+,38
b0047,O-,8
b0048,A+,40
b0048,A-,92
b0048,B+,45
b0048,B-,41
b0048,AB+,31
b0048,AB-,49
b0048,O+,59
b0048,O-,31
b0049,A+,93
b0049,A-,64
b0049,B+,42
b0049,B-,50
b0049,AB+,13
b0049,AB-,71
b0049,O+,72
b0049,O-,18
b0050,A+,44
b0050,A-,0
b0050,B+,20
b0050,B-,25
b0050,AB+,81
b0050,AB-,27
b0050,O+,36
b0050,O-,13
b0051,A+,32
b0051,A-,44
b0051,B+,71
b0051,B-,91
b0051,AB+,61
b0051,AB-,86
b0051,O+,18
b0051,O-,80
b0052,A+,45
b0052,A-,64
b0052,B+,69
b0052,B-,100
b0052,AB+,49
b0052,AB-,68
b0052,O+,62
b0052,O-,91
b0053,A+,96
b0053,A-,54
b0053,B+,53
b0053,B-,27
b0053,AB+,24
b0053,AB-,8
b0053,O+,73
b0053,O-,1
b0054,A+,25
b0054,A-,23
b0054,B+,93
b0054,B-,58
b0054,AB+,66
b0054,AB-,88
b0054,O+,60
b0054,O-,89
b0055,A+,10
b0055,A-,43
b0055,B+,99
b0055,B-,30
b0055,AB+,4
b0055,AB-,14
b0055,O+,63
b0055,O-,35
b0056,A+,89
b0056,A-,49
b0056,B+,16
b0056,B-,2
b0056,AB+,20
b0056,AB-,69
b0056,O+,69
b0056,O-,93
b0057,A+,92
b0057,A-,12
b0057,B+,28
b0057,B-,30
b0057,AB+,19
b0057,AB-,30
b0057,O+,56
b0057,O-,80
b0058,A+,99
b0058,A-,14
b0058,B+,93
b0058,B-,97
b0058,AB+,65
b0058,AB-,26
b0058,O+,32
b0058,O-,49
b0059,A+,69
b0059,A-,89
b0059,B+,56
b0059,B-,67
b0059,AB+,5
b0059,AB-,47
b0059,O+,48
b0059,O-,5
b0060,A+,59
b0060,A-,20
b0060,B+,87
b0060,B-,74
b0060,AB+,71
b0060,AB-,80
b0060,O+,45
b0060,O-,69
b0061,A+,30
b0061,A-,39
b0061,B+,32
b0061,B-,21
b0061,AB+,70
b0061,AB-,54
b0061,O+,65
b0061,O-,93
b0062,A+,47
b0062,A-,94
b0062,B+,38
b0062,B-,69
b0062,AB+,51
b0062,AB-,75
b0062,O+,52
b0062,O-,15
b0063,A+,47
b0063,A-,15
b0063,B+,64
b0063,B-,4
b0063,AB+,1
b0063,AB-,5
b0063,O+,70
b0063,O-,12
b0064,A+,65
b0064,A-,10
b0064,B+,0
b0064,B-,60
b0064,AB+,77
b0064,AB-,50
b0064,O+,83
b0064,O-,13
b0065,A+,70
b0065,A-,7
b0065,B+,10
b0065,B-,21
b0065,AB+,56
b0065,AB-,91
b0065,O+,39
b0065,O-,3
b0066,A+,54
b0066,A-,67
b0066,B+,54
b0066,B-,8
b0066,AB+,13
b0066,AB-,84
b0066,O+,91
b0066,O-,82
b0067,A+,82
b0067,A-,43
b0067,B+,6
b0067,B-,6
b0067,AB+,10
b0067,AB-,92
b0067,O+,62
b0067,O-,15
b0068,A+,90
b0068,A-,65
b0068,B+,65
b0068,B-,15
b0068,AB+,9
b0068,AB-,19
b0068,O+,36
b0068,O-,21
b0069,A+,64
b0069,A-,17
b0069,B+,1
b0069,B-,0
b0069,AB+,17
b0069,AB-,100
b0069,O+,46
b0069,O-,23
b0070,A+,34
b0070,A-,43
b0070,B+,31
b0070,B-,35
b0070,AB+,56
b0070,AB-,95
b0070,O+,10
b0070,O-,56
b0071,A+,52
b0071,A-,24
b0071,B+,17
b0071,B-,36
b0071,AB+,17
b0071,AB-,59
b0071,O+,23
b0071,O-,59
b0072,A+,99
b0072,A-,4
b0072,B+,87
b0072,B-,90
b0072,AB+,30
b0072,AB-,83
b0072,O+,80
b0072,O-,57
b0073,A+,5
b0073,A-,69
b0073,B+,23
b0073,B-,42
b0073,AB+,98
b0073,AB-,11
b0073,O+,87
b0073,O-,59
b0074,A+,85
b0074,A-,26
b0074,B+,47
b0074,B-,69
b0074,AB+,47
b0074,AB-,84
b0074,O+,89
b0074,O-,82
b0075,A+,26
b0075,A-,75
b0075,B+,43
b0075,B-,67
b0075,AB+,78
b0075,AB-,41
b0075,O+,90
b0075,O-,96
b0076,A+,38
b0076,A-,80
b0076,B+,70
b0076,B-,20
b0076,AB+,74
b0076,AB-,39
b0076,O+,76
b0076,O-,10
b0077,A+,35
b0077,A-,48
b0077,B+,56
b0077,B-,94
b0077,AB+,98
b0077,AB-,7
b0077,O+,65
b0077,O-,1
b0078,A+,29
b0078,A-,17
b0078,B+,39
b0078,B-,68
b0078,AB+,96
b0078,AB-,87
b0078,O+,12
b0078,O-,18
b0079,A+,65
b0079,A-,92
b0079,B+,45
b0079,B-,88
b0079,AB+,76
b0079,AB-,56
b0079,O+,88
b0079,O-,18
b0080,A+,94
b0080,A-,86
b0080,B+,69
b0080,B-,39
b0080,AB+,16
b0080,AB-,49
b0080,O+,82
b0080,O-,17
b0081,A+,5
b0081,A-,10
b0081,B+,32
b0081,B-,25
b0081,AB+,64
b0081,AB-,70
b0081,O+,68
b0081,O-,49
b0082,A+,60
b0082,A-,10
b0082,B+,16
b0082,B-,23
b0082,AB+,53
b0082,AB-,26
b0082,O+,86
b0082,O-,38
b0083,A+,71
b0083,A-,37
b0083,B+,2
b0083,B-,59
b0083,AB+,17
b0083,AB-,63
b0083,O+,29
b0083,O-,76
b0084,A+,63
b0084,A-,43
b0084,B+,84
b0084,B-,9
b0084,AB+,95
b0084,AB-,13
b0084,O+,70
b0084,O-,76
b0085,A+,61
b0085,A-,13
b0085,B+,35
b0085,B-,21
b0085,AB+,6
b0085,AB-,51
b0085,O+,62
b0085,O-,83
b0086,A+,100
b0086,A-,87
b0086,B+,93
b0086,B-,54
b0086,AB+,8
b0086,AB-,64
b0086,O+,21
b0086,O-,64
b0087,A+,10
b0087,A-,24
b0087,B+,46
b0087,B-,50
b0087,AB+,88
b0087,AB-,45
b0087,O+,15
b0087,O-,21
b0088,A+,52
b0088,A-,69
b0088,B+,4
b0088,B-,98
b0088,AB+,14
b0088,AB-,62
b0088,O+,90
b0088,O-,22
b0089,A+,2
b0089,A-,61
b0089,B+,88
b0089,B-,76
b0089,AB+,96
b0089,AB-,81
b0089,O+,33
b0089,O-,90
b0090,A+,24
b0090,A-,49
b0090,B+,12
b0090,B-,87
b0090,AB+,30
b0090,AB-,43
b0090,O+,18
b0090,O-,34
b0091,A+,10
b0091,A-,76
b0091,B+,42
b0091,B-,2
b0091,AB+,85
b0091,AB-,7
b0091,O+,81
b0091,O-,20
b0092,A+,79
b0092,A-,61
b0092,B+,22
b0092,B-,24
b0092,AB+,38
b0092,AB-,98
b0092,O+,91
b0092,O-,91
b0093,A+,12
b0093,A-,85
b0093,B+,48
b0093,B-,55
b0093,AB+,71
b0093,AB-,78
b0093,O+,96
b0093,O-,23
b0094,A+,15
b0094,A-,34
b0094,B+,61
b0094,B-,14
b0094,AB+,11
b0094,AB-,49
b0094,O+,27
b0094,O-,20
b0095,A+,26
b0095,A-,69
b0095,B+,16
b0095,B-,31
b0095,AB+,49
b0095,AB-,73
b0095,O+,29
b0095,O-,38
b0096,A+,18
b0096,A-,19
b0096,B+,35
b0096,B-,70
b0096,AB+,26
b0096,AB-,21
b0096,O+,12
b0096,O-,81
b0097,A+,78
b0097,A-,42
b0097,B+,63
b0097,B-,15
b0097,AB+,89
b0097,AB-,67
b0097,O+,54
b0097,O-,71
b0098,A+,21
b0098,A-,47
b0098,B+,97
b0098,B-,35
b0098,AB+,81
b0098,AB-,37
b0098,O+,60
b0098,O-,28
b0099,A+,2
b0099,A-,50
b0099,B+,46
b0099,B-,26
b0099,AB+,19
b0099,AB-,26
b0099,O+,0
b0099,O-,73
b0100,A+,71
b0100,A-,54
b0100,B+,18
b0100,B-,31
b0100,AB+,55
b0100,AB-,80
b0100,O+,18
b0100,O-,94
b0101,A+,95
b0101,A-,45
b0101,B+,90
b0101,B-,94
b0101,AB+,61
b0101,AB-,74
b0101,O+,21
b0101,O-,9
b0102,A+,84
b0102,A-,2
b0102,B+,35
b0102,B-,50
b0102,AB+,73
b0102,AB-,61
b0102,O+,16
b0102,O-,10
b0103,A+,54
b0103,A-,14
b0103,B+,47
b0103,B-,47
b0103,AB+,97
b0103,AB-,56
b0103,O+,7
b0103,O-,63
b0104,A+,76
b0104,A-,14
b0104,B+,28
b0104,B-,36
b0104,AB+,58
b0104,AB-,56
b0104,O+,40
b0104,O-,6
b0105,A+,7
b0105,A-,89
b0105,B+,30
b0105,B-,71
b0105,AB+,99
b0105,AB-,97
b0105,O+,34
b0105,O-,83
b0106,A+,95
b0106,A-,20
b0106,B+,20
b0106,B-,34
b0106,AB+,34
b0106,AB-,66
b0106,O+,59
b0106,O-,75
b0107,A+,95
b0107,A-,5
b0107,B+,95
b0107,B-,6
b0107,AB+,79
b0107,AB-,68
b0107,O+,77
b0107,O-,60
b0108,A+,39
b0108,A-,51
b0108,B+,26
b0108,B-,90
b0108,AB+,51
b0108,AB-,86
b0108,O+,90
b0108,O-,87
b0109,A+,37
b0109,A-,19
b0109,B+,1
b0109,B-,51
b0109,AB+,73
b0109,AB-,8
b0109,O+,48
b0109,O-,16
b0110,A+,29
b0110,A-,27
b0110,B+,83
b0110,B-,48
b0110,AB+,92
b0110,AB-,94
b0110,O+,94
b0110,O-,85
b0111,A+,36
b0111,A-,16
b0111,B+,16
b0111,B-,88
b0111,AB+,67
b0111,AB-,11
b0111,O+,39
b0111,O-,27
b0112,A+,37
b0112,A-,100
b0112,B+,37
b0112,B-,29
b0112,AB+,41
b0112,AB-,62
b0112,O+,41
b0112,O-,72
b0113,A+,47
b0113,A-,6
b0113,B+,87
b0113,B-,53
b0113,AB+,12
b0113,AB-,62
b0113,O+,91
b0113,O-,43
b0114,A+,92
b0114,A-,17
b0114,B+,66
b0114,B-,45
b0114,AB+,62
b0114,AB-,91
b0114,O+,10
b0114,O-,36
b0115,A+,68
b0115,A-,95
b0115,B+,87
b0115,B-,77
b0115,AB+,4
b0115,AB-,81
b0115,O+,0
b0115,O-,68
b0116,A+,20
b0116,A-,3
b0116,B+,16
b0116,B-,96
b0116,AB+,95
b0116,AB-,24
b0116,O+,54
b0116,O-,2
b0117,A+,100
b0117,A-,49
b0117,B+,32
b0117,B-,62
b0117,AB+,40
b0117,AB-,52
b0117,O+,79
b0117,O-,71
b0118,A+,66
b0118,A-,81
b0118,B+,18
b0118,B-,52
b0118,AB+,92
b0118,AB-,13
b0118,O+,41
b0118,O-,48
b0119,A+,48
b0119,A-,20
b0119,B+,88
b0119,B-,55
b0119,AB+,72
b0119,AB-,39
b0119,O+,74
b0119,O-,18
b0120,A+,74
b0120,A-,99
b0120,B+,58
b0120,B-,51
b0120,AB+,46
b0120,AB-,98
b0120,O+,81
b0120,O-,57
b0121,A+,7
b0121,A-,46
b0121,B+,68
b0121,B-,25
b0121,AB+,96
b0121,AB-,28
b0121,O+,85
b0121,O-,92
b0122,A+,10
b0122,A-,60
b0122,B+,43
b0122,B-,33
b0122,AB+,78
b0122,AB-,74
b0122,O+,74
b0122,O-,26
b0123,A+,9
b0123,A-,31
b0123,B+,11
b0123,B-,0
b0123,AB+,23
b0123,AB-,1
b0123,O+,22
b0123,O-,16
b0124,A+,20
b0124,A-,65
b0124,B+,12
b0124,B-,26
b0124,AB+,36
b0124,AB-,11
b0124,O+,87
b0124,O-,13
b0125,A+,29
b0125,A-,6
b0125,B+,1
b0125,B-,46
b0125,AB+,53
b0125,AB-,48
b0125,O+,23
b0125,O-,77
b0126,A+,2
b0126,A-,81
b0126,B+,41
b0126,B-,37
b0126,AB+,77
b0126,AB-,53
b0126,O+,44
b0126,O-,79
b0127,A+,22
b0127,A-,75
b0127,B+,19
b0127,B-,69
b0127,AB+,95
b0127,AB-,44
b0127,O+,94
b0127,O-,36
b0128,A+,9
b0128,A-,58
b0128,B+,29
b0128,B-,40
b0128,AB+,15
b0128,AB-,59
b0128,O+,24
b0128,O-,70
b0129,A+,98
b0129,A-,10
b0129,B+,0
b0129,B-,51
b0129,AB+,98
b0129,AB-,94
b0129,O+,78
b0129,O-,28
b0130,A+,35
b0130,A-,70
b0130,B+,82
b0130,B-,8
b0130,AB+,7
b0130,AB-,92
b0130,O+,63
b0130,O-,28
b0131,A+,92
b0131,A-,81
b0131,B+,40
b0131,B-,69
b0131,AB+,41
b0131,AB-,100
b0131,O+,23
b0131,O-,16
b0132,A+,85
b0132,A-,10
b0132,B+,56
b0132,B-,67
b0132,AB+,85
b0132,AB-,86
b0132,O+,4
b0132,O-,59
b0133,A+,12
b0133,A-,38
b0133,B+,83
b0133,B-,6
b0133,AB+,7
b0133,AB-,17
b0133,O+,89
b0133,O-,65
b0134,A+,9
b0134,A-,66
b0134,B+,20
b0134,B-,21
b0134,AB+,8
b0134,AB-,2
b0134,O+,79
b0134,O-,4
b0135,A+,83
b0135,A-,11
b0135,B+,53
b0135,B-,77
b0135,AB+,20
b0135,AB-,79
b0135,O+,15
b0135,O-,29
b0136,A+,97
b0136,A-,16
b0136,B+,69
b0136,B-,67
b0136,AB+,30
b0136,AB-,66
b0136,O+,12
b0136,O-,51
b0137,A+,47
b0137,A-,93
b0137,B+,10
b0137,B-,12
b0137,AB+,21
b0137,AB-,67
b0137,O+,39
b0137,O-,71
b0138,A+,36
b0138,A-,41
b0138,B+,12
b0138,B-,12
b0138,AB+,31
b0138,AB-,85
b0138,O+,39
b0138,O-,0
b0139,A+,29
b0139,A-,25
b0139,B+,52
b0139,B-,86
b0139,AB+,89
b0139,AB-,70
b0139,O+,53
b0139,O-,31
b0140,A+,9
b0140,A-,58
b0140,B+,68
b0140,B-,22
b0140,AB+,5
b0140,AB-,38
b0140,O+,85
b0140,O-,84
b0141,A+,67
b0141,A-,4
b0141,B+,3
b0141,B-,34
b0141,AB+,54
b0141,AB-,29
b0141,O+,6
b0141,O-,84
b0142,A+,94
b0142,A-,58
b0142,B+,39
b0142,B-,60
b0142,AB+,28
b0142,AB-,79
b0142,O+,3
b0142,O-,71
b0143,A+,1
b0143,A-,59
b0143,B+,40
b0143,B-,3
b0143,AB+,9
b0143,AB-,31
b0143,O+,3
b0143,O-,30
b0144,A+,59
b0144,A-,97
b0144,B+,39
b0144,B-,35
b0144,AB+,36
b0144,AB-,70
b0144,O+,91
b0144,O-,24
b0145,A+,9
b0145,A-,99
b0145,B+,46
b0145,B-,53
b0145,AB+,89
b0145,AB-,78
b0145,O+,57
b0145,O-,3
b0146,A+,40
b0146,A-,11
b0146,B+,88
b0146,B-,29
b0146,AB+,80
b0146,AB-,29
b0146,O+,66
b0146,O-,34
b0147,A+,84
b0147,A-,83
b0147,B+,19
b0147,B-,32
b0147,AB+,79
b0147,AB-,8
b0147,O+,30
b0147,O-,24
b0148,A+,65
b0148,A-,3
b0148,B+,96
b0148,B-,19
b0148,AB+,68
b0148,AB-,47
b0148,O+,76
b0148,O-,67
b0149,A+,72
b0149,A-,13
b0149,B+,66
b0149,B-,46
b0149,AB+,29
b0149,AB-,53
b0149,O+,87
b0149,O-,66
b0150,A+,45
b0150,A-,65
b0150,B+,69
b0150,B-,55
b0150,AB+,84
b0150,AB-,41
b0150,O+,46
b0150,O-,72
b0151,A+,2
b0151,A-,73
b0151,B+,88
b0151,B-,58
b0151,AB+,8
b0151,AB-,15
b0151,O+,4
b0151,O-,64
b0152,A+,12
b0152,A-,41
b0152,B+,73
b0152,B-,24
b0152,AB+,64
b0152,AB-,27
b0152,O+,20
b0152,O-,95
b0153,A+,26
b0153,A-,94
b0153,B+,54
b0153,B-,84
b0153,AB+,45
b0153,AB-,22
b0153,O+,95
b0153,O-,34
b0154,A+,17
b0154,A-,76
b0154,B+,86
b0154,B-,20
b0154,AB+,22
b0154,AB-,23
b0154,O+,92
b0154,O-,28
b0155,A+,77
b0155,A-,96
b0155,B+,62
b0155,B-,83
b0155,AB+,67
b0155,AB-,48
b0155,O+,57
b0155,O-,31
b0156,A+,30
b0156,A-,64
b0156,B+,100
b0156,B-,91
b0156,AB+,78
b0156,AB-,68
b0156,O+,23
b0156,O-,31
b0157,A+,23
b0157,A-,16
b0157,B+,72
b0157,B-,82
b0157,AB+,44
b0157,AB-,75
b0157,O+,13
b0157,O-,76
b0158,A+,66
b0158,A-,50
b0158,B+,34
b0158,B-,0
b0158,AB+,60
b0158,AB-,33
b0158,O+,28
b0158,O-,87
b0159,A+,99
b0159,A-,83
b0159,B+,48
b0159,B-,64
b0159,AB+,78
b0159,AB-,59
b0159,O+,70
b0159,O-,96
b0160,A+,83
b0160,A-,83
b0160,B+,47
b0160,B-,48
b0160,AB+,38
b0160,AB-,36
b0160,O+,3
b0160,O-,87
b0161,A+,45
b0161,A-,54
b0161,B+,9
b0161,B-,77
b0161,AB+,24
b0161,AB-,17
b0161,O+,96
b0161,O-,85
b0162,A+,43
b0162,A-,22
b0162,B+,12
b0162,B-,3
b0162,AB+,59
b0162,AB-,97
b0162,O+,94
b0162,O-,40
b0163,A+,93
b0163,A-,61
b0163,B+,55
b0163,B-,98
b0163,AB+,63
b0163,AB-,63
b0163,O+,28
b0163,O-,97
b0164,A+,97
b0164,A-,51
b0164,B+,49
b0164,B-,80
b0164,AB+,31
b0164,AB-,24
b0164,O+,55
b0164,O-,9
b0165,A+,96
b0165,A-,88
b0165,B+,53
b0165,B-,30
b0165,AB+,60
b0165,AB-,8
b0165,O+,61
b0165,O-,60
b0166,A+,97
b0166,A-,77
b0166,B+,50
b0166,B-,71
b0166,AB+,56
b0166,AB-,1
b0166,O+,63
b0166,O-,81
b0167,A+,2
b0167,A-,33
b0167,B+,33
b0167,B-,5
b0167,AB+,41
b0167,AB-,75
b0167,O+,71
b0167,O-,62
b0168,A+,75
b0168,A-,7
b0168,B+,88
b0168,B-,80
b0168,AB+,85
b0168,AB-,72
b0168,O+,6
b0168,O-,36
b0169,A+,67
b0169,A-,56
b0169,B+,14
b0169,B-,37
b0169,AB+,74
b0169,AB-,43
b0169,O+,11
b0169,O-,48
b0170,A+,99
b0170,A-,28
b0170,B+,25
b0170,B-,94
b0170,AB+,24
b0170,AB-,9
b0170,O+,14
b0170,O-,77
b0171,A+,55
b0171,A-,46
b0171,B+,29
b0171,B-,66
b0171,AB+,95
b0171,AB-,92
b0171,O+,86
b0171,O-,38
b0172,A+,54
b0172,A-,52
b0172,B+,20
b0172,B-,62
b0172,AB+,57
b0172,AB-,68
b0172,O+,20
b0172,O-,39
b0173,A+,30
b0173,A-,33
b0173,B+,58
b0173,B-,60
b0173,AB+,87
b0173,AB-,79
b0173,O+,12
b0173,O-,61
b0174,A+,30
b0174,A-,70
b0174,B+,8
b0174,B-,89
b0174,AB+,48
b0174,AB-,45
b0174,O+,63
b0174,O-,96
b0175,A+,82
b0175,A-,66
b0175,B+,15
b0175,B-,41
b0175,AB+,46
b0175,AB-,39
b0175,O+,63
b0175,O-,54
b0176,A+,32
b0176,A-,4
b0176,B+,3
b0176,B-,20
b0176,AB+,89
b0176,AB-,45
b0176,O+,80
b0176,O-,6
b0177,A+,55
b0177,A-,68
b0177,B+,16
b0177,B-,71
b0177,AB+,35
b0177,AB-,46
b0177,O+,53
b0177,O-,6
b0178,A+,82
b0178,A-,63
b0178,B+,45
b0178,B-,51
b0178,AB+,1
b0178,AB-,62
b0178,O+,80
b0178,O-,44
b0179,A+,25
b0179,A-,16
b0179,B+,74
b0179,B-,75
b0179,AB+,59
b0179,AB-,79
b0179,O+,36
b0179,O-,94
b0180,A+,35
b0180,A-,70
b0180,B+,91
b0180,B-,68
b0180,AB+,28
b0180,AB-,83
b0180,O+,69
b0180,O-,52
b0181,A+,81
b0181,A-,47
b0181,B+,31
b0181,B-,17
b0181,AB+,79
b0181,AB-,15
b0181,O+,57
b0181,O-,54
b0182,A+,20
b0182,A-,7
b0182,B+,38
b0182,B-,46
b0182,AB+,92
b0182,AB-,87
b0182,O+,25
b0182,O-,64
b0183,A+,0
b0183,A-,60
b0183,B+,27
b0183,B-,30
b0183,AB+,44
b0183,AB-,38
b0183,O+,5
b0183,O-,53
b0184,A+,85
b0184,A-,6
b0184,B+,92
b0184,B-,29
b0184,AB+,1
b0184,AB-,37
b0184,O+,1
b0184,O-,60
b0185,A+,14
b0185,A-,25
b0185,B+,79
b0185,B-,12
b0185,AB+,9
b0185,AB-,68
b0185,O+,95
b0185,O-,5
b0186,A+,40
b0186,A-,97
b0186,B+,15
b0186,B-,83
b0186,AB+,60
b0186,AB-,35
b0186,O+,26
b0186,O-,95
b0187,A+,19
b0187,A-,43
b0187,B+,100
b0187,B-,21
b0187,AB+,26
b0187,AB-,85
b0187,O+,67
b0187,O-,23
b0188,A+,20
b0188,A-,85
b0188,B+,10
b0188,B-,14
b0188,AB+,21
b0188,AB-,82
b0188,O+,27
b0188,O-,66
b0189,A+,83
b0189,A-,79
b0189,B+,38
b0189,B-,80
b0189,AB+,8
b0189,AB-,5
b0189,O+,7
b0189,O-,23
b0190,A+,20
b0190,A-,70
b0190,B+,56
b0190,B-,41
b0190,AB+,2
b0190,AB-,32
b0190,O+,92
b0190,O-,87
b0191,A+,29
b0191,A-,72
b0191,B+,91
b0191,B-,55
b0191,AB+,69
b0191,AB-,4
b0191,O+,36
b0191,O-,44
b0192,A+,91
b0192,A-,19
b0192,B+,54
b0192,B-,38
b0192,AB+,69
b0192,AB-,48
b0192,O+,89
b0192,O-,22
b0193,A+,71
b0193,A-,81
b0193,B+,80
b0193,B-,76
b0193,AB+,31
b0193,AB-,89
b0193,O+,6
b0193,O-,97
b0194,A+,89
b0194,A-,38
b0194,B+,62
b0194,B-,25
b0194,AB+,15
b0194,AB-,18
b0194,O+,96
b0194,O-,66
b0195,A+,69
b0195,A-,55
b0195,B+,96
b0195,B-,90
b0195,AB+,89
b0195,AB-,34
b0195,O+,14
b0195,O-,70
b0196,A+,86
b0196,A-,55
b0196,B+,85
b0196,B-,71
b0196,AB+,21
b0196,AB-,56
b0196,O+,47
b0196,O-,59
b0197,A+,90
b0197,A-,90
b0197,B+,2
b0197,B-,24
b0197,AB+,29
b0197,AB-,100
b0197,O+,50
b0197,O-,33
b0198,A+,96
b0198,A-,0
b0198,B+,98
b0198,B-,33
b0198,AB+,11
b0198,AB-,31
b0198,O+,11
b0198,O-,99
b0199,A+,75
b0199,A-,30
b0199,B+,95
b0199,B-,85
b0199,AB+,77
b0199,AB-,86
b0199,O+,47
b0199,O-,22
b0200,A+,21
b0200,A-,49
b0200,B+,34
b0200,B-,90
b0200,AB+,16
b0200,AB-,24
b0200,O+,17
b0200,O-,51
b0201,A+,28
b0201,A-,55
b0201,B+,60
b0201,B-,8
b0201,AB+,26
b0201,AB-,76
b0201,O+,61
b0201,O-,66
b0202,A+,32
b0202,A-,37
b0202,B+,52
b0202,B-,31
b0202,AB+,15
b0202,AB-,2
b0202,O+,62
b0202,O-,79
b0203,A+,5
b0203,A-,5
b0203,B+,96
b0203,B-,39
b0203,AB+,79
b0203,AB-,67
b0203,O+,82
b0203,O-,86
b0204,A+,21
b0204,A-,43
b0204,B+,30
b0204,B-,49
b0204,AB+,40
b0204,AB-,55
b0204,O+,71
b0204,O-,25
b0205,A+,90
b0205,A-,1
b0205,B+,84
b0205,B-,99
b0205,AB+,22
b0205,AB-,85
b0205,O+,74
b0205,O-,44
b0206,A+,53
b0206,A-,2
b0206,B+,6
b0206,B-,86
b0206,AB+,21
b0206,AB-,4
b0206,O+,8
b0206,O-,85
b0207,A+,1
b0207,A-,13
b0207,B+,79
b0207,B-,58
b0207,AB+,73
b0207,AB-,64
b0207,O+,52
b0207,O-,97
b0208,A+,55
b0208,A-,26
b0208,B+,44
b0208,B-,54
b0208,AB+,60
b0208,AB-,42
b0208,O+,93
b0208,O-,74
b0209,A+,40
b0209,A-,7
b0209,B+,86
b0209,B-,15
b0209,AB+,69
b0209,AB-,15
b0209,O+,21
b0209,O-,2
b0210,A+,36
b0210,A-,0
b0210,B+,96
b0210,B-,91
b0210,AB+,22
b0210,AB-,13
b0210,O+,2
b0210,O-,99
b0211,A+,51
b0211,A-,15
b0211,B+,91
b0211,B-,95
b0211,AB+,59
b0211,AB-,17
b0211,O+,73
b0211,O-,55
b0212,A+,20
b0212,A-,91
b0212,B+,17
b0212,B-,78
b0212,AB+,6
b0212,AB-,60
b0212,O+,43
b0212,O-,73
b0213,A+,47
b0213,A-,56
b0213,B+,99
b0213,B-,85
b0213,AB+,84
b0213,AB-,16
b0213,O+,16
b0213,O-,88
b0214,A+,83
b0214,A-,36
b0214,B+,72
b0214,B-,71
b0214,AB+,82
b0214,AB-,8
b0214,O+,56
b0214,O-,47
b0215,A+,88
b0215,A-,62
b0215,B+,27
b0215,B-,36
b0215,AB+,81
b0215,AB-,38
b0215,O+,30
b0215,O-,95
b0216,A+,90
b0216,A-,66
b0216,B+,80
b0216,B-,85
b0216,AB+,50
b0216,AB-,34
b0216,O+,72
b0216,O-,16
b0217,A+,94
b0217,A-,50
b0217,B+,11
b0217,B-,85
b0217,AB+,80
b0217,AB-,89
b0217,O+,79
b0217,O-,56
b0218,A+,23
b0218,A-,0
b0218,B+,54
b0218,B-,34
b0218,AB+,45
b0218,AB-,13
b0218,O+,30
b0218,O-,82
b0219,A+,51
b0219,A-,19
b0219,B+,85
b0219,B-,68
b0219,AB+,42
b0219,AB-,11
b0219,O+,14
b0219,O-,20
b0220,A+,57
b0220,A-,51
b0220,B+,69
b0220,B-,41
b0220,AB+,48
b0220,AB-,63
b0220,O+,63
b0220,O-,60
b0221,A+,39
b0221,A-,3
b0221,B+,90
b0221,B-,41
b0221,AB+,70
b0221,AB-,35
b0221,O+,91
b0221,O-,0
b0222,A+,43
b0222,A-,76
b0222,B+,26
b0222,B-,99
b0222,AB+,19
b0222,AB-,32
b0222,O+,83
b0222,O-,44
b0223,A+,61
b0223,A-,35
b0223,B+,75
b0223,B-,69
b0223,AB+,52
b0223,AB-,91
b0223,O+,2
b0223,O-,23
b0224,A+,90
b0224,A-,92
b0224,B+,49
b0224,B-,71
b0224,AB+,79
b0224,AB-,30
b0224,O+,6
b0224,O-,54
b0225,A+,96
b0225,A-,57
b0225,B+,54
b0225,B-,52
b0225,AB+,62
b0225,AB-,7
b0225,O+,54
b0225,O-,23
b0226,A+,3
b0226,A-,15
b0226,B+,80
b0226,B-,38
b0226,AB+,4
b0226,AB-,66
b0226,O+,29
b0226,O-,66
b0227,A+,80
b0227,A-,35
b0227,B+,17
b0227,B-,3
b0227,AB+,44
b0227,AB-,55
b0227,O+,77
b0227,O-,1
b0228,A+,2
b0228,A-,82
b0228,B+,98
b0228,B-,28
b0228,AB+,81
b0228,AB-,71
b0228,O+,72
b0228,O-,20
b0229,A+,13
b0229,A-,100
b0229,B+,14
b0229,B-,52
b0229,AB+,70
b0229,AB-,50
b0229,O+,47
b0229,O-,18
b0230,A+,61
b0230,A-,93
b0230,B+,30
b0230,B-,63
b0230,AB+,32
b0230,AB-,6
b0230,O+,61
b0230,O-,28
b0231,A+,52
b0231,A-,49
b0231,B+,62
b0231,B-,14
b0231,AB+,73
b0231,AB-,38
b0231,O+,11
b0231,O-,4
b0232,A+,54
b0232,A-,49
b0232,B+,13
b0232,B-,99
b0232,AB+,66
b0232,AB-,52
b0232,O+,45
b0232,O-,54
b0233,A+,20
b0233,A-,51
b0233,B+,11
b0233,B-,56
b0233,AB+,33
b0233,AB-,76
b0233,O+,67
b0233,O-,49
b0234,A+,92
b0234,A-,89
b0234,B+,70
b0234,B-,4
b0234,AB+,70
b0234,AB-,64
b0234,O+,70
b0234,O-,44
b0235,A+,65
b0235,A-,44
b0235,B+,28
b0235,B-,69
b0235,AB+,14
b0235,AB-,53
b0235,O+,6
b0235,O-,43
b0236,A+,59
b0236,A-,80
b0236,B+,26
b0236,B-,24
b0236,AB+,12
b0236,AB-,25
b0236,O+,98
b0236,O-,6
b0237,A+,8
b0237,A-,13
b0237,B+,16
b0237,B-,67
b0237,AB+,99
b0237,AB-,11
b0237,O+,50
b0237,O-,83
b0238,A+,61
b0238,A-,14
b0238,B+,20
b0238,B-,58
b0238,AB+,97
b0238,AB-,70
b0238,O+,85
b0238,O-,24
b0239,A+,8
b0239,A-,80
b0239,B+,34
b0239,B-,96
b0239,AB+,65
b0239,AB-,24
b0239,O+,44
b0239,O-,28
b0240,A+,38
b0240,A-,81
b0240,B+,64
b0240,B-,20
b0240,AB+,57
b0240,AB-,68
b0240,O+,6
b0240,O-,84
b0241,A+,61
b0241,A-,68
b0241,B+,0
b0241,B-,10
b0241,AB+,65
b0241,AB-,63
b0241,O+,6
b0241,O-,21
b0242,A+,47
b0242,A-,20
b0242,B+,69
b0242,B-,69
b0242,AB+,70
b0242,AB-,20
b0242,O+,59
b0242,O-,92
b0243,A+,26
b0243,A-,100
b0243,B+,84
b0243,B-,22
b0243,AB+,42
b0243,AB-,72
b0243,O+,46
b0243,O-,64
b0244,A+,44
b0244,A-,75
b0244,B+,42
b0244,B-,7
b0244,AB+,4
b0244,AB-,100
b0244,O+,39
b0244,O-,59
b0245,A+,5
b0245,A-,17
b0245,B+,3
b0245,B-,65
b0245,AB+,34
b0245,AB-,56
b0245,O+,77
b0245,O-,59
b0246,A+,18
b0246,A-,29
b0246,B+,9
b0246,B-,65
b0246,AB+,11
b0246,AB-,52
b0246,O+,44
b0246,O-,92
b0247,A+,36
b0247,A-,42
b0247,B+,45
b0247,B-,19
b0247,AB+,71
b0247,AB-,17
b0247,O+,31
b0247,O-,55
b0248,A+,50
b0248,A-,98
b0248,B+,73
b0248,B-,78
b0248,AB+,28
b0248,AB-,5
b0248,O+,11
b0248,O-,89
b0249,A+,37
b0249,A-,63
b0249,B+,63
b0249,B-,32
b0249,AB+,8
b0249,AB-,69
b0249,O+,1
b0249,O-,50
b0250,A+,83
b0250,A-,19
b0250,B+,74
b0250,B-,94
b0250,AB+,1
b0250,AB-,98
b0250,O+,67
b0250,O-,5
b0251,A+,68
b0251,A-,30
b0251,B+,70
b0251,B-,6
b0251,AB+,50
b0251,AB-,81
b0251,O+,71
b0251,O-,76
b0252,A+,98
b0252,A-,47
b0252,B+,100
b0252,B-,3
b0252,AB+,55
b0252,AB-,23
b0252,O+,81
b0252,O-,90
b0253,A+,100
b0253,A-,10
b0253,B+,60
b0253,B-,24
b0253,AB+,89
b0253,AB-,94
b0253,O+,28
b0253,O-,97
b0254,A+,81
b0254,A-,25
b0254,B+,64
b0254,B-,11
b0254,AB+,57
b0254,AB-,77
b0254,O+,90
b0254,O-,61
b0255,A+,0
b0255,A-,59
b0255,B+,77
b0255,B-,98
b0255,AB+,59
b0255,AB-,4
b0255,O+,65
b0255,O-,90
b0256,A+,33
b0256,A-,98
b0256,B+,42
b0256,B-,6
b0256,AB+,62
b0256,AB-,26
b0256,O+,69
b0256,O-,95
b0257,A+,10
b0257,A-,79
b0257,B+,60
b0257,B-,50
b0257,AB+,1
b0257,AB-,30
b0257,O+,31
b0257,O-,51
b0258,A+,24
b0258,A-,18
b0258,B+,0
b0258,B-,20
b0258,AB+,13
b0258,AB-,74
b0258,O+,82
b0258,O-,19
b0259,A+,55
b0259,A-,98
b0259,B+,38
b0259,B-,43
b0259,AB+,82
b0259,AB-,61
b0259,O+,34
b0259,O-,18
b0260,A+,66
b0260,A-,29
b0260,B+,85
b0260,B-,97
b0260,AB+,78
b0260,AB-,36
b0260,O+,85
b0260,O-,78
b0261,A+,94
b0261,A-,100
b0261,B+,83
b0261,B-,62
b0261,AB+,62
b0261,AB-,45
b0261,O+,63
b0261,O-,71
b0262,A+,92
b0262,A-,64
b0262,B+,24
b0262,B-,21
b0262,AB+,9
b0262,AB-,52
b0262,O+,66
b0262,O-,51
b0263,A+,48
b0263,A-,56
b0263,B+,83
b0263,B-,79
b0263,AB+,24
b0263,AB-,46
b0263,O+,6
b0263,O-,21
b0264,A+,41
b0264,A-,43
b0264,B+,50
b0264,B-,8
b0264,AB+,9
b0264,AB-,80
b0264,O+,89
b0264,O-,56
b0265,A+,81
b0265,A-,24
b0265,B+,33
b0265,B-,42
b0265,AB+,28
b0265,AB-,56
b0265,O+,10
b0265,O-,52
b0266,A+,98
b0266,A-,10
b0266,B+,4
b0266,B-,73
b0266,AB+,25
b0266,AB-,30
b0266,O+,84
b0266,O-,52
b0267,A+,20
b0267,A-,48
b0267,B+,45
b0267,B-,85
b0267,AB+,79
b0267,AB-,17
b0267,O+,7
b0267,O-,36
b0268,A+,8
b0268,A-,38
b0268,B+,76
b0268,B-,33
b0268,AB+,30
b0268,AB-,23
b0268,O+,15
b0268,O-,34
b0269,A+,99
b0269,A-,42
b0269,B+,43
b0269,B-,86
b0269,AB+,34
b0269,AB-,80
b0269,O+,24
b0269,O-,47
b0270,A+,27
b0270,A-,11
b0270,B+,46
b0270,B-,74
b0270,AB+,7
b0270,AB-,57
b0270,O+,76
b0270,O-,53
b0271,A+,77
b0271,A-,70
b0271,B+,69
b0271,B-,92
b0271,AB+,66
b0271,AB-,99
b0271,O+,82
b0271,O-,24
b0272,A+,95
b0272,A-,29
b0272,B+,22
b0272,B-,58
b0272,AB+,0
b0272,AB-,49
b0272,O+,14
b0272,O-,10
b0273,A+,59
b0273,A-,37
b0273,B+,43
b0273,B-,13
b0273,AB+,46
b0273,AB-,44
b0273,O+,37
b0273,O-,55
b0274,A+,37
b0274,A-,85
b0274,B+,64
b0274,B-,9
b0274,AB+,49
b0274,AB-,33
b0274,O+,33
b0274,O-,97
b0275,A+,38
b0275,A-,27
b0275,B+,35
b0275,B-,93
b0275,AB+,13
b0275,AB-,39
b0275,O+,81
b0275,O-,62
b0276,A+,73
b0276,A-,99
b0276,B+,86
b0276,B-,84
b0276,AB+,49
b0276,AB-,60
b0276,O+,38
b0276,O-,73
b0277,A+,15
b0277,A-,71
b0277,B+,17
b0277,B-,91
b0277,AB+,94
b0277,AB-,44
b0277,O+,100
b0277,O-,41
b0278,A+,62
b0278,A-,39
b0278,B+,25
b0278,B-,99
b0278,AB+,8
b0278,AB-,98
b0278,O+,6
b0278,O-,27
b0279,A+,9
b0279,A-,0
b0279,B+,60
b0279,B-,14
b0279,AB+,51
b0279,AB-,90
b0279,O+,13
b0279,O-,94
b0280,A+,45
b0280,A-,42
b0280,B+,52
b0280,B-,8
b0280,AB+,71
b0280,AB-,62
b0280,O+,69
b0280,O-,19
b0281,A+,28
b0281,A-,93
b0281,B+,83
b0281,B-,87
b0281,AB+,41
b0281,AB-,30
b0281,O+,42
b0281,O-,34
b0282,A+,37
b0282,A-,54
b0282,B+,37
b0282,B-,35
b0282,AB+,91
b0282,AB-,93
b0282,O+,33
b0282,O-,15
b0283,A+,30
b0283,A-,17
b0283,B+,91
b0283,B-,4
b0283,AB+,54
b0283,AB-,38
b0283,O+,77
b0283,O-,83
b0284,A+,97
b0284,A-,24
b0284,B+,48
b0284,B-,96
b0284,AB+,54
b0284,AB-,8
b0284,O+,44
b0284,O-,96
b0285,A+,11
b0285,A-,26
b0285,B+,89
b0285,B-,43
b0285,AB+,87
b0285,AB-,39
b0285,O+,38
b0285,O-,9
b0286,A+,78
b0286,A-,37
b0286,B+,15
b0286,B-,52
b0286,AB+,32
b0286,AB-,70
b0286,O+,14
b0286,O-,86
b0287,A+,13
b0287,A-,71
b0287,B+,3
b0287,B-,27
b0287,AB+,58
b0287,AB-,70
b0287,O+,100
b0287,O-,64
b0288,A+,52
b0288,A-,96
b0288,B+,13
b0288,B-,90
b0288,AB+,44
b0288,AB-,16
b0288,O+,11
b0288,O-,61
b0289,A+,42
b0289,A-,51
b0289,B+,37
b0289,B-,11
b0289,AB+,21
b0289,AB-,44
b0289,O+,89
b0289,O-,100
b0290,A+,22
b0290,A-,95
b0290,B+,10
b0290,B-,97
b0290,AB+,29
b0290,AB-,62
b0290,O+,80
b0290,O-,52
b0291,A+,98
b0291,A-,50
b0291,B+,58
b0291,B-,51
b0291,AB+,84
b0291,AB-,56
b0291,O+,53
b0291,O-,71
b0292,A+,47
b0292,A-,56
b0292,B+,50
b0292,B-,43
b0292,AB+,57
b0292,AB-,78
b0292,O+,42
b0292,O-,90
b0293,A+,57
b0293,A-,46
b0293,B+,35
b0293,B-,64
b0293,AB+,88
b0293,AB-,97
b0293,O+,65
b0293,O-,25
b0294,A+,73
b0294,A-,17
b0294,B+,61
b0294,B-,51
b0294,AB+,74
b0294,AB-,52
b0294,O+,13
b0294,O-,0
b0295,A+,70
b0295,A-,59
b0295,B+,94
b0295,B-,100
b0295,AB+,11
b0295,AB-,47
b0295,O+,97
b0295,O-,85
b0296,A+,2
b0296,A-,56
b0296,B+,60
b0296,B-,94
b0296,AB+,58
b0296,AB-,92
b0296,O+,40
b0296,O-,7
b0297,A+,23
b0297,A-,87
b0297,B+,48
b0297,B-,4
b0297,AB+,4
b0297,AB-,0
b0297,O+,92
b0297,O-,17
b0298,A+,36
b0298,A-,17
b0298,B+,49
b0298,B-,89
b0298,AB+,4
b0298,AB-,92
b0298,O+,16
b0298,O-,93
b0299,A+,36
b0299,A-,19
b0299,B+,49
b0299,B-,94
b0299,AB+,63
b0299,AB-,19
b0299,O+,28
b0299,O-,50
b0300,A+,19
b0300,A-,69
b0300,B+,26
b0300,B-,86
b0300,AB+,32
b0300,AB-,61
b0300,O+,88
b0300,O-,85
b0301,A+,72
b0301,A-,92
b0301,B+,99
b0301,B-,84
b0301,AB+,44
b0301,AB-,28
b0301,O+,32
b0301,O-,55
b0302,A+,5
b0302,A-,29
b0302,B+,43
b0302,B-,39
b0302,AB+,94
b0302,AB-,2
b0302,O+,57
b0302,O-,31
b0303,A+,17
b0303,A-,33
b0303,B+,83
b0303,B-,58
b0303,AB+,10
b0303,AB-,84
b0303,O+,83
b0303,O-,81
b0304,A+,3
b0304,A-,35
b0304,B+,17
b0304,B-,56
b0304,AB+,76
b0304,AB-,68
b0304,O+,75
b0304,O-,8
b0305,A+,71
b0305,A-,97
b0305,B+,28
b0305,B-,39
b0305,AB+,0
b0305,AB-,25
b0305,O+,61
b0305,O-,99
b0306,A+,16
b0306,A-,73
b0306,B+,56
b0306,B-,89
b0306,AB+,6
b0306,AB-,45
b0306,O+,28
b0306,O-,53
b0307,A+,76
b0307,A-,76
b0307,B+,10
b0307,B-,92
b0307,AB+,30
b0307,AB-,54
b0307,O+,28
b0307,O-,45
b0308,A+,3
b0308,A-,32
b0308,B+,86
b0308,B-,51
b0308,AB+,86
b0308,AB-,6
b0308,O+,47
b0308,O-,0
b0309,A+,54
b0309,A-,80
b0309,B+,86
b0309,B-,93
b0309,AB+,89
b0309,AB-,0
b0309,O+,96
b0309,O-,19
b0310,A+,79
b0310,A-,57
b0310,B+,65
b0310,B-,27
b0310,AB+,83
b0310,AB-,90
b0310,O+,14
b0310,O-,42
b0311,A+,61
b0311,A-,16
b0311,B+,87
b0311,B-,57
b0311,AB+,24
b0311,AB-,60
b0311,O+,34
b0311,O-,82
b0312,A+,50
b0312,A-,100
b0312,B+,40
b0312,B-,71
b0312,AB+,19
b0312,AB-,40
b0312,O+,72
b0312,O-,43
b0313,A+,73
b0313,A-,33
b0313,B+,35
b0313,B-,91
b0313,AB+,37
b0313,AB-,36
b0313,O+,12
b0313,O-,82
b0314,A+,88
b0314,A-,67
b0314,B+,26
b0314,B-,82
b0314,AB+,38
b0314,AB-,22
b0314,O+,36
b0314,O-,30
b0315,A+,51
b0315,A-,65
b0315,B+,28
b0315,B-,76
b0315,AB+,2
b0315,AB-,85
b0315,O+,4
b0315,O-,93
b0316,A+,48
b0316,A-,38
b0316,B+,62
b0316,B-,95
b0316,AB+,9
b0316,AB-,96
b0316,O+,22
b0316,O-,6
b0317,A+,56
b0317,A-,88
b0317,B+,73
b0317,B-,55
b0317,AB+,59
b0317,AB-,59
b0317,O+,51
b0317,O-,21
b0318,A+,0
b0318,A-,52
b0318,B+,96
b0318,B-,51
b0318,AB+,95
b0318,AB-,69
b0318,O+,74
b0318,O-,18
b0319,A+,23
b0319,A-,33
b0319,B+,51
b0319,B-,21
b0319,AB+,17
b0319,AB-,17
b0319,O+,90
b0319,O-,25
b0320,A+,11
b0320,A-,85
b0320,B+,35
b0320,B-,26
b0320,AB+,61
b0320,AB-,43
b0320,O+,0
b0320,O-,13
b0321,A+,58
b0321,A-,87
b0321,B+,56
b0321,B-,0
b0321,AB+,9
b0321,AB-,79
b0321,O+,4
b0321,O-,25
b0322,A+,64
b0322,A-,67
b0322,B+,4
b0322,B-,67
b0322,AB+,63
b0322,AB-,69
b0322,O+,14
b0322,O-,61
b0323,A+,16
b0323,A-,1
b0323,B+,73
b0323,B-,88
b0323,AB+,4
b0323,AB-,100
b0323,O+,83
b0323,O-,68
b0324,A+,99
b0324,A-,81
b0324,B+,51
b0324,B-,50
b0324,AB+,22
b0324,AB-,84
b0324,O+,69
b0324,O-,43
b0325,A+,48
b0325,A-,82
b0325,B+,27
b0325,B-,49
b0325,AB+,26
b0325,AB-,7
b0325,O+,90
b0325,O-,38
b0326,A+,5
b0326,A-,11
b0326,B+,69
b0326,B-,45
b0326,AB+,84
b0326,AB-,90
b0326,O+,99
b0326,O-,72
b0327,A+,54
b0327,A-,92
b0327,B+,41
b0327,B-,52
b0327,AB+,46
b0327,AB-,16
b0327,O+,32
b0327,O-,59
b0328,A+,5
b0328,A-,69
b0328,B+,56
b0328,B-,6
b0328,AB+,34
b0328,AB-,75
b0328,O+,52
b0328,O-,68
b0329,A+,26
b0329,A-,57
b0329,B+,3
b0329,B-,77
b0329,AB+,78
b0329,AB-,47
b0329,O+,98
b0329,O-,71
b0330,A+,94
b0330,A-,28
b0330,B+,84
b0330,B-,76
b0330,AB+,90
b0330,AB-,30
b0330,O+,84
b0330,O-,0
b0331,A+,75
b0331,A-,92
b0331,B+,13
b0331,B-,87
b0331,AB+,27
b0331,AB-,84
b0331,O+,78
b0331,O-,86
b0332,A+,30
b0332,A-,76
b0332,B+,6
b0332,B-,29
b0332,AB+,68
b0332,AB-,0
b0332,O+,91
b0332,O-,40
b0333,A+,96
b0333,A-,23
b0333,B+,76
b0333,B-,8
b0333,AB+,25
b0333,AB-,57
b0333,O+,8
b0333,O-,75
b0334,A+,0
b0334,A-,5
b0334,B+,7
b0334,B-,32
b0334,AB+,26
b0334,AB-,43
b0334,O+,73
b0334,O-,73
b0335,A+,50
b0335,A-,58
b0335,B+,86
b0335,B-,44
b0335,AB+,14
b0335,AB-,78
b0335,O+,99
b0335,O-,98
b0336,A+,6
b0336,A-,20
b0336,B+,38
b0336,B-,6
b0336,AB+,28
b0336,AB-,96
b0336,O+,26
b0336,O-,45
b0337,A+,96
b0337,A-,19
b0337,B+,8
b0337,B-,59
b0337,AB+,99
b0337,AB-,64
b0337,O+,4
b0337,O-,78
b0338,A+,66
b0338,A-,75
b0338,B+,19
b0338,B-,40
b0338,AB+,79
b0338,AB-,71
b0338,O+,39
b0338,O-,47
b0339,A+,78
b0339,A-,46
b0339,B+,28
b0339,B-,2
b0339,AB+,34
b0339,AB-,51
b0339,O+,47
b0339,O-,54
b0340,A+,84
b0340,A-,19
b0340,B+,48
b0340,B-,23
b0340,AB+,68
b0340,AB-,42
b0340,O+,6
b0340,O-,83
b0341,A+,19
b0341,A-,66
b0341,B+,74
b0341,B-,36
b0341,AB+,93
b0341,AB-,81
b0341,O+,49
b0341,O-,42
b0342,A+,53
b0342,A-,100
b0342,B+,57
b0342,B-,62
b0342,AB+,17
b0342,AB-,57
b0342,O+,11
b0342,O-,88
b0343,A+,29
b0343,A-,31
b0343,B+,53
b0343,B-,78
b0343,AB+,41
b0343,AB-,82
b0343,O+,88
b0343,O-,18
b0344,A+,83
b0344,A-,23
b0344,B+,78
b0344,B-,59
b0344,AB+,56
b0344,AB-,53
b0344,O+,57
b0344,O-,83
b0345,A+,86
b0345,A-,88
b0345,B+,84
b0345,B-,83
b0345,AB+,58
b0345,AB-,44
b0345,O+,96
b0345,O-,99
b0346,A+,6
b0346,A-,86
b0346,B+,61
b0346,B-,5
b0346,AB+,91
b0346,AB-,18
b0346,O+,22
b0346,O-,62
b0347,A+,21
b0347,A-,59
b0347,B+,26
b0347,B-,81
b0347,AB+,24
b0347,AB-,24
b0347,O+,26
b0347,O-,4
b0348,A+,62
b0348,A-,93
b0348,B+,4
b0348,B-,65
b0348,AB+,81
b0348,AB-,50
b0348,O+,33
b0348,O-,52
b0349,A+,79
b0349,A-,21
b0349,B+,45
b0349,B-,30
b0349,AB+,16
b0349,AB-,75
b0349,O+,11
b0349,O-,4
b0350,A+,13
b0350,A-,78
b0350,B+,82
b0350,B-,35
b0350,AB+,96
b0350,AB-,40
b0350,O+,23
b0350,O-,77
b0351,A+,38
b0351,A-,93
b0351,B+,68
b0351,B-,47
b0351,AB+,99
b0351,AB-,10
b0351,O+,16
b0351,O-,8
b0352,A+,21
b0352,A-,19
b0352,B+,93
b0352,B-,53
b0352,AB+,19
b0352,AB-,49
b0352,O+,43
b0352,O-,8
b0353,A+,78
b0353,A-,34
b0353,B+,9
b0353,B-,88
b0353,AB+,70
b0353,AB-,74
b0353,O+,68
b0353,O-,5
b0354,A+,47
b0354,A-,42
b0354,B+,34
b0354,B-,90
b0354,AB+,82
b0354,AB-,97
b0354,O+,33
b0354,O-,11
b0355,A+,73
b0355,A-,39
b0355,B+,35
b0355,B-,9
b0355,AB+,16
b0355,AB-,71
b0355,O+,14
b0355,O-,91
b0356,A+,38
b0356,A-,99
b0356,B+,74
b0356,B-,1
b0356,AB+,96
b0356,AB-,2
b0356,O+,5
b0356,O-,64
b0357,A+,63
b0357,A-,75
b0357,B+,62
b0357,B-,22
b0357,AB+,26
b0357,AB-,27
b0357,O+,4
b0357,O-,73
b0358,A+,88
b0358,A-,62
b0358,B+,31
b0358,B-,54
b0358,AB+,69
b0358,AB-,29
b0358,O+,31
b0358,O-,70
b0359,A+,64
b0359,A-,19
b0359,B+,82
b0359,B-,92
b0359,AB+,74
b0359,AB-,83
b0359,O+,23
b0359,O-,13
b0360,A+,34
b0360,A-,84
b0360,B+,25
b0360,B-,18
b0360,AB+,68
b0360,AB-,53
b0360,O+,50
b0360,O-,100
b0361,A+,2
b0361,A-,22
b0361,B+,33
b0361,B-,86
b0361,AB+,51
b0361,AB-,57
b0361,O+,62
b0361,O-,52
b0362,A+,83
b0362,A-,74
b0362,B+,82
b0362,B-,70
b0362,AB+,26
b0362,AB-,39
b0362,O+,33
b0362,O-,99
b0363,A+,68
b0363,A-,95
b0363,B+,35
b0363,B-,65
b0363,AB+,75
b0363,AB-,56
b0363,O+,40
b0363,O-,68
b0364,A+,0
b0364,A-,86
b0364,B+,58
b0364,B-,25
b0364,AB+,30
b0364,AB-,35
b0364,O+,96
b0364,O-,50
b0365,A+,20
b0365,A-,17
b0365,B+,37
b0365,B-,65
b0365,AB+,41
b0365,AB-,74
b0365,O+,41
b0365,O-,63
b0366,A+,92
b0366,A-,80
b0366,B+,24
b0366,B-,49
b0366,AB+,46
b0366,AB-,9
b0366,O+,42
b0366,O-,71
b0367,A+,71
b0367,A-,23
b0367,B+,15
b0367,B-,23
b0367,AB+,72
b0367,AB-,79
b0367,O+,25
b0367,O-,90
b0368,A+,10
b0368,A-,13
b0368,B+,93
b0368,B-,84
b0368,AB+,75
b0368,AB-,84
b0368,O+,97
b0368,O-,31
b0369,A+,42
b0369,A-,34
b0369,B+,89
b0369,B-,85
b0369,AB+,2
b0369,AB-,11
b0369,O+,2
b0369,O-,63
b0370,A+,63
b0370,A-,34
b0370,B+,20
b0370,B-,42
b0370,AB+,55
b0370,AB-,22
b0370,O+,30
b0370,O-,85
b0371,A+,79
b0371,A-,36
b0371,B+,8
b0371,B-,11
b0371,AB+,85
b0371,AB-,64
b0371,O+,67
b0371,O-,2
b0372,A+,41
b0372,A-,64
b0372,B+,49
b0372,B-,96
b0372,AB+,91
b0372,AB-,9
b0372,O+,29
b0372,O-,39
b0373,A+,32
b0373,A-,17
b0373,B+,49
b0373,B-,48
b0373,AB+,79
b0373,AB-,3
b0373,O+,7
b0373,O-,50
b0374,A+,27
b0374,A-,71
b0374,B+,0
b0374,B-,25
b0374,AB+,42
b0374,AB-,46
b0374,O+,41
b0374,O-,2
b0375,A+,39
b0375,A-,16
b0375,B+,59
b0375,B-,78
b0375,AB+,32
b0375,AB-,30
b0375,O+,70
b0375,O-,47
b0376,A+,100
b0376,A-,19
b0376,B+,53
b0376,B-,47
b0376,AB+,29
b0376,AB-,52
b0376,O+,95
b0376,O-,79
b0377,A+,67
b0377,A-,85
b0377,B+,12
b0377,B-,34
b0377,AB+,79
b0377,AB-,15
b0377,O+,20
b0377,O-,74
b0378,A+,50
b0378,A-,38
b0378,B+,7
b0378,B-,2
b0378,AB+,65
b0378,AB-,44
b0378,O+,4
b0378,O-,52
b0379,A+,98
b0379,A-,2
b0379,B+,53
b0379,B-,41
b0379,AB+,98
b0379,AB-,37
b0379,O+,72
b0379,O-,21
b0380,A+,42
b0380,A-,92
b0380,B+,95
b0380,B-,40
b0380,AB+,10
b0380,AB-,90
b0380,O+,66
b0380,O-,2
b0381,A+,86
b0381,A-,69
b0381,B+,22
b0381,B-,84
b0381,AB+,1
b0381,AB-,97
b0381,O+,46
b0381,O-,33
b0382,A+,43
b0382,A-,28
b0382,B+,76
b0382,B-,76
b0382,AB+,24
b0382,AB-,67
b0382,O+,28
b0382,O-,6
b0383,A+,34
b0383,A-,93
b0383,B+,31
b0383,B-,0
b0383,AB+,23
b0383,AB-,76
b0383,O+,49
b0383,O-,52
b0384,A+,56
b0384,A-,15
b0384,B+,15
b0384,B-,30
b0384,AB+,15
b0384,AB-,47
b0384,O+,70
b0384,O-,22
b0385,A+,92
b0385,A-,75
b0385,B+,15
b0385,B-,40
b0385,AB+,93
b0385,AB-,1
b0385,O+,93
b0385,O-,9
b0386,A+,95
b0386,A-,51
b0386,B+,93
b0386,B-,96
b0386,AB+,62
b0386,AB-,39
b0386,O+,89
b0386,O-,22
b0387,A+,62
b0387,A-,26
b0387,B+,29
b0387,B-,30
b0387,AB+,3
b0387,AB-,66
b0387,O+,69
b0387,O-,98
b0388,A+,91
b0388,A-,90
b0388,B+,98
b0388,B-,61
b0388,AB+,66
b0388,AB-,98
b0388,O+,77
b0388,O-,17
b0389,A+,47
b0389,A-,70
b0389,B+,15
b0389,B-,41
b0389,AB+,29
b0389,AB-,50
b0389,O+,38
b0389,O-,85
b0390,A+,25
b0390,A-,65
b0390,B+,48
b0390,B-,13
b0390,AB+,19
b0390,AB-,34
b0390,O+,1
b0390,O-,6
b0391,A+,14
b0391,A-,51
b0391,B+,44
b0391,B-,79
b0391,AB+,61
b0391,AB-,71
b0391,O+,49
b0391,O-,77
b0392,A+,58
b0392,A-,68
b0392,B+,4
b0392,B-,88
b0392,AB+,6
b0392,AB-,27
b0392,O+,68
b0392,O-,20
b0393,A+,99
b0393,A-,27
b0393,B+,36
b0393,B-,53
b0393,AB+,76
b0393,AB-,83
b0393,O+,87
b0393,O-,51
b0394,A+,87
b0394,A-,54
b0394,B+,29
b0394,B-,30
b0394,AB+,66
b0394,AB-,98
b0394,O+,100
b0394,O-,53
b0395,A+,12
b0395,A-,44
b0395,B+,36
b0395,B-,45
b0395,AB+,80
b0395,AB-,54
b0395,O+,56
b0395,O-,24
b0396,A+,51
b0396,A-,12
b0396,B+,34
b0396,B-,16
b0396,AB+,90
b0396,AB-,94
b0396,O+,31
b0396,O-,78
b0397,A+,11
b0397,A-,24
b0397,B+,15
b0397,B-,68
b0397,AB+,7
b0397,AB-,89
b0397,O+,59
b0397,O-,63
b0398,A+,44
b0398,A-,91
b0398,B+,55
b0398,B-,9
b0398,AB+,1
b0398,AB-,26
b0398,O+,63
b0398,O-,23
b0399,A+,31
b0399,A-,53
b0399,B+,22
b0399,B-,59
b0399,AB+,39
b0399,AB-,94
b0399,O+,81
b0399,O-,16
b0400,A+,11
b0400,A-,78
b0400,B+,99
b0400,B-,72
b0400,AB+,86
b0400,AB-,29
b0400,O+,86
b0400,O-,81
b0401,A+,91
b0401,A-,7
b0401,B+,26
b0401,B-,22
b0401,AB+,17
b0401,AB-,39
b0401,O+,5
b0401,O-,7
b0402,A+,2
b0402,A-,12
b0402,B+,72
b0402,B-,93
b0402,AB+,5
b0402,AB-,36
b0402,O+,51
b0402,O-,8
b0403,A+,21
b0403,A-,29
b0403,B+,46
b0403,B-,82
b0403,AB+,73
b0403,AB-,9
b0403,O+,10
b0403,O-,17
b0404,A+,75
b0404,A-,14
b0404,B+,33
b0404,B-,84
b0404,AB+,92
b0404,AB-,48
b0404,O+,64
b0404,O-,68
b0405,A+,31
b0405,A-,81
b0405,B+,20
b0405,B-,31
b0405,AB+,66
b0405,AB-,21
b0405,O+,57
b0405,O-,72
b0406,A+,25
b0406,A-,75
b0406,B+,77
b0406,B-,13
b0406,AB+,32
b0406,AB-,45
b0406,O+,81
b0406,O-,66
b0407,A+,13
b0407,A-,88
b0407,B+,50
b0407,B-,29
b0407,AB+,36
b0407,AB-,53
b0407,O+,73
b0407,O-,62
b0408,A+,15
b0408,A-,89
b0408,B+,73
b0408,B-,75
b0408,AB+,94
b0408,AB-,7
b0408,O+,41
b0408,O-,63
b0409,A+,94
b0409,A-,91
b0409,B+,51
b0409,B-,40
b0409,AB+,77
b0409,AB-,55
b0409,O+,40
b0409,O-,49
b0410,A+,59
b0410,A-,45
b0410,B+,63
b0410,B-,16
b0410,AB+,23
b0410,AB-,4
b0410,O+,79
b0410,O-,41
b0411,A+,100
b0411,A-,50
b0411,B+,25
b0411,B-,39
b0411,AB+,21
b0411,AB-,15
b0411,O+,29
b0411,O-,49
b0412,A+,32
b0412,A-,91
b0412,B+,39
b0412,B-,88
b0412,AB+,49
b0412,AB-,3
b0412,O+,98
b0412,O-,21
b0413,A+,33
b0413,A-,41
b0413,B+,93
b0413,B-,32
b0413,AB+,10
b0413,AB-,20
b0413,O+,16
b0413,O-,70
b0414,A+,74
b0414,A-,58
b0414,B+,9
b0414,B-,45
b0414,AB+,54
b0414,AB-,59
b0414,O+,82
b0414,O-,83
b0415,A+,91
b0415,A-,56
b0415,B+,23
b0415,B-,40
b0415,AB+,65
b0415,AB-,61
b0415,O+,9
b0415,O-,54
b0416,A+,53
b0416,A-,81
b0416,B+,80
b0416,B-,41
b0416,AB+,74
b0416,AB-,77
b0416,O+,38
b0416,O-,84
b0417,A+,90
b0417,A-,39
b0417,B+,87
b0417,B-,36
b0417,AB+,79
b0417,AB-,47
b0417,O+,10
b0417,O-,1
b0418,A+,42
b0418,A-,4
b0418,B+,85
b0418,B-,79
b0418,AB+,42
b0418,AB-,79
b0418,O+,32
b0418,O-,75
b0419,A+,26
b0419,A-,64
b0419,B+,18
b0419,B-,20
b0419,AB+,0
b0419,AB-,73
b0419,O+,76
b0419,O-,91
b0420,A+,48
b0420,A-,11
b0420,B+,23
b0420,B-,75
b0420,AB+,5
b0420,AB-,10
b0420,O+,23
b0420,O-,28
b0421,A+,91
b0421,A-,36
b0421,B+,18
b0421,B-,18
b0421,AB+,94
b0421,AB-,3
b0421,O+,7
b0421,O-,79
b0422,A+,15
b0422,A-,83
b0422,B+,88
b0422,B-,46
b0422,AB+,58
b0422,AB-,21
b0422,O+,74
b0422,O-,21
b0423,A+,31
b0423,A-,20
b0423,B+,39
b0423,B-,51
b0423,AB+,10
b0423,AB-,54
b0423,O+,61
b0423,O-,67
b0424,A+,92
b0424,A-,73
b0424,B+,52
b0424,B-,54
b0424,AB+,15
b0424,AB-,11
b0424,O+,26
b0424,O-,11
b0425,A+,21
b0425,A-,75
b0425,B+,76
b0425,B-,26
b0425,AB+,15
b0425,AB-,49
b0425,O+,77
b0425,O-,36
b0426,A+,28
b0426,A-,29
b0426,B+,37
b0426,B-,56
b0426,AB+,12
b0426,AB-,86
b0426,O+,74
b0426,O-,16
b0427,A+,98
b0427,A-,32
b0427,B+,47
b0427,B-,73
b0427,AB+,72
b0427,AB-,78
b0427,O+,27
b0427,O-,80
b0428,A+,76
b0428,A-,88
b0428,B+,47
b0428,B-,69
b0428,AB+,60
b0428,AB-,59
b0428,O+,20
b0428,O-,83
b0429,A+,16
b0429,A-,23
b0429,B+,14
b0429,B-,71
b0429,AB+,40
b0429,AB-,13
b0429,O+,62
b0429,O-,45
b0430,A+,80
b0430,A-,52
b0430,B+,75
b0430,B-,55
b0430,AB+,37
b0430,AB-,31
b0430,O+,33
b0430,O-,31
b0431,A+,58
b0431,A-,95
b0431,B+,27
b0431,B-,38
b0431,AB+,62
b0431,AB-,87
b0431,O+,72
b0431,O-,35
b0432,A+,91
b0432,A-,18
b0432,B+,27
b0432,B-,5
b0432,AB+,98
b0432,AB-,65
b0432,O+,73
b0432,O-,39
b0433,A+,20
b0433,A-,56
b0433,B+,5
b0433,B-,48
b0433,AB+,73
b0433,AB-,74
b0433,O+,34
b0433,O-,82
b0434,A+,63
b0434,A-,37
b0434,B+,95
b0434,B-,66
b0434,AB+,89
b0434,AB-,14
b0434,O+,84
b0434,O-,53
b0435,A+,92
b0435,A-,92
b0435,B+,15
b0435,B-,20
b0435,AB+,10
b0435,AB-,14
b0435,O+,85
b0435,O-,97
b0436,A+,25
b0436,A-,97
b0436,B+,34
b0436,B-,38
b0436,AB+,52
b0436,AB-,57
b0436,O+,88
b0436,O-,45
b0437,A+,60
b0437,A-,72
b0437,B+,59
b0437,B-,94
b0437,AB+,9
b0437,AB-,79
b0437,O+,89
b0437,O-,92
b0438,A+,50
b0438,A-,42
b0438,B+,72
b0438,B-,78
b0438,AB+,22
b0438,AB-,91
b0438,O+,85
b0438,O-,77
b0439,A+,41
b0439,A-,98
b0439,B+,97
b0439,B-,5
b0439,AB+,33
b0439,AB-,95
b0439,O+,25
b0439,O-,38
b0440,A+,45
b0440,A-,84
b0440,B+,46
b0440,B-,13
b0440,AB+,26
b0440,AB-,54
b0440,O+,83
b0440,O-,38
b0441,A+,80
b0441,A-,34
b0441,B+,16
b0441,B-,50
b0441,AB+,0
b0441,AB-,80
b0441,O+,25
b0441,O-,95
b0442,A+,87
b0442,A-,9
b0442,B+,38
b0442,B-,4
b0442,AB+,61
b0442,AB-,5
b0442,O+,31
b0442,O-,51
b0443,A+,9
b0443,A-,49
b0443,B+,100
b0443,B-,37
b0443,AB+,51
b0443,AB-,42
b0443,O+,42
b0443,O-,48
b0444,A+,96
b0444,A-,100
b0444,B+,72
b0444,B-,69
b0444,AB+,15
b0444,AB-,48
b0444,O+,14
b0444,O-,1
b0445,A+,95
b0445,A-,71
b0445,B+,89
b0445,B-,15
b0445,AB+,30
b0445,AB-,70
b0445,O+,45
b0445,O-,56
b0446,A+,48
b0446,A-,1
b0446,B+,37
b0446,B-,64
b0446,AB+,16
b0446,AB-,5
b0446,O+,13
b0446,O-,44
b0447,A+,38
b0447,A-,2
b0447,B+,59
b0447,B-,79
b0447,AB+,25
b0447,AB-,79
b0447,O+,36
b0447,O-,90
b0448,A+,7
b0448,A-,14
b0448,B+,93
b0448,B-,11
b0448,AB+,62
b0448,AB-,57
b0448,O+,31
b0448,O-,10
b0449,A+,28
b0449,A-,98
b0449,B+,44
b0449,B-,9
b0449,AB+,24
b0449,AB-,4
b0449,O+,54
b0449,O-,96
b0450,A+,38
b0450,A-,91
b0450,B+,69
b0450,B-,74
b0450,AB+,7
b0450,AB-,13
b0450,O+,36
b0450,O-,95
b0451,A+,74
b0451,A-,40
b0451,B+,70
b0451,B-,40
b0451,AB+,46
b0451,AB-,53
b0451,O+,46
b0451,O-,69
b0452,A+,49
b0452,A-,37
b0452,B+,52
b0452,B-,83
b0452,AB+,17
b0452,AB-,68
b0452,O+,9
b0452,O-,6
b0453,A+,30
b0453,A-,46
b0453,B+,73
b0453,B-,39
b0453,AB+,95
b0453,AB-,8
b0453,O+,69
b0453,O-,86
b0454,A+,17
b0454,A-,16
b0454,B+,89
b0454,B-,37
b0454,AB+,59
b0454,AB-,94
b0454,O+,16
b0454,O-,47
b0455,A+,36
b0455,A-,71
b0455,B+,17
b0455,B-,72
b0455,AB+,69
b0455,AB-,8
b0455,O+,94
b0455,O-,65
b0456,A+,11
b0456,A-,25
b0456,B+,57
b0456,B-,10
b0456,AB+,71
b0456,AB-,30
b0456,O+,30
b0456,O-,30
b0457,A+,30
b0457,A-,2
b0457,B+,57
b0457,B-,75
b0457,AB+,93
b0457,AB-,68
b0457,O+,5
b0457,O-,73
b0458,A+,57
b0458,A-,6
b0458,B+,19
b0458,B-,80
b0458,AB+,54
b0458,AB-,59
b0458,O+,34
b0458,O-,58
b0459,A+,1
b0459,A-,20
b0459,B+,83
b0459,B-,1
b0459,AB+,59
b0459,AB-,31
b0459,O+,89
b0459,O-,78
b0460,A+,23
b0460,A-,78
b0460,B+,15
b0460,B-,11
b0460,AB+,74
b0460,AB-,21
b0460,O+,5
b0460,O-,58
b0461,A+,62
b0461,A-,38
b0461,B+,10
b0461,B-,30
b0461,AB+,11
b0461,AB-,90
b0461,O+,47
b0461,O-,11
b0462,A+,75
b0462,A-,66
b0462,B+,59
b0462,B-,46
b0462,AB+,39
b0462,AB-,0
b0462,O+,35
b0462,O-,83
b0463,A+,89
b0463,A-,61
b0463,B+,45
b0463,B-,26
b0463,AB+,62
b0463,AB-,34
b0463,O+,38
b0463,O-,92
b0464,A+,68
b0464,A-,98
b0464,B+,39
b0464,B-,68
b0464,AB+,23
b0464,AB-,17
b0464,O+,96
b0464,O-,98
b0465,A+,98
b0465,A-,98
b0465,B+,65
b0465,B-,39
b0465,AB+,44
b0465,AB-,89
b0465,O+,12
b0465,O-,5
b0466,A+,34
b0466,A-,20
b0466,B+,52
b0466,B-,47
b0466,AB+,3
b0466,AB-,34
b0466,O+,15
b0466,O-,11
b0467,A+,3
b0467,A-,90
b0467,B+,76
b0467,B-,3
b0467,AB+,26
b0467,AB-,62
b0467,O+,75
b0467,O-,84
b0468,A+,20
b0468,A-,76
b0468,B+,85
b0468,B-,86
b0468,AB+,71
b0468,AB-,54
b0468,O+,47
b0468,O-,32
b0469,A+,31
b0469,A-,14
b0469,B+,6
b0469,B-,44
b0469,AB+,19
b0469,AB-,78
b0469,O+,3
b0469,O-,49
b0470,A+,25
b0470,A-,26
b0470,B+,56
b0470,B-,93
b0470,AB+,32
b0470,AB-,9
b0470,O+,19
b0470,O-,78
b0471,A+,57
b0471,A-,80
b0471,B+,96
b0471,B-,99
b0471,AB+,62
b0471,AB-,67
b0471,O+,71
b0471,O-,26
b0472,A+,83
b0472,A-,34
b0472,B+,7
b0472,B-,59
b0472,AB+,89
b0472,AB-,47
b0472,O+,28
b0472,O-,63
b0473,A+,77
b0473,A-,33
b0473,B+,94
b0473,B-,44
b0473,AB+,75
b0473,AB-,18
b0473,O+,85
b0473,O-,30
b0474,A+,28
b0474,A-,84
b0474,B+,7
b0474,B-,73
b0474,AB+,54
b0474,AB-,14
b0474,O+,72
b0474,O-,95
b0475,A+,66
b0475,A-,55
b0475,B+,86
b0475,B-,64
b0475,AB+,21
b0475,AB-,12
b0475,O+,40
b0475,O-,22
b0476,A+,84
b0476,A-,100
b0476,B+,8
b0476,B-,26
b0476,AB+,82
b0476,AB-,26
b0476,O+,72
b0476,O-,52
b0477,A+,69
b0477,A-,59
b0477,B+,32
b0477,B-,13
b0477,AB+,33
b0477,AB-,97
b0477,O+,1
b0477,O-,80
b0478,A+,7
b0478,A-,52
b0478,B+,27
b0478,B-,48
b0478,AB+,23
b0478,AB-,55
b0478,O+,15
b0478,O-,92
b0479,A+,41
b0479,A-,62
b0479,B+,54
b0479,B-,80
b0479,AB+,95
b0479,AB-,54
b0479,O+,15
b0479,O-,32
b0480,A+,97
b0480,A-,97
b0480,B+,44
b0480,B-,94
b0480,AB+,98
b0480,AB-,57
b0480,O+,51
b0480,O-,39
b0481,A+,50
b0481,A-,26
b0481,B+,93
b0481,B-,5
b0481,AB+,58
b0481,AB-,13
b0481,O+,92
b0481,O-,85
b0482,A+,72
b0482,A-,54
b0482,B+,85
b0482,B-,40
b0482,AB+,18
b0482,AB-,8
b0482,O+,18
b0482,O-,61
b0483,A+,15
b0483,A-,25
b0483,B+,83
b0483,B-,39
b0483,AB+,79
b0483,AB-,96
b0483,O+,57
b0483,O-,38
b0484,A+,20
b0484,A-,80
b0484,B+,85
b0484,B-,76
b0484,AB+,89
b0484,AB-,40
b0484,O+,47
b0484,O-,73
b0485,A+,52
b0485,A-,100
b0485,B+,2
b0485,B-,0
b0485,AB+,98
b0485,AB-,34
b0485,O+,7
b0485,O-,48
b0486,A+,99
b0486,A-,37
b0486,B+,76
b0486,B-,44
b0486,AB+,37
b0486,AB-,13
b0486,O+,37
b0486,O-,21
b0487,A+,74
b0487,A-,19
b0487,B+,40
b0487,B-,58
b0487,AB+,7
b0487,AB-,19
b0487,O+,7
b0487,O-,18
b0488,A+,81
b0488,A-,92
b0488,B+,80
b0488,B-,93
b0488,AB+,25
b0488,AB-,7
b0488,O+,75
b0488,O-,34
b0489,A+,66
b0489,A-,32
b0489,B+,76
b0489,B-,25
b0489,AB+,41
b0489,AB-,63
b0489,O+,89
b0489,O-,83
b0490,A+,48
b0490,A-,28
b0490,B+,37
b0490,B-,12
b0490,AB+,36
b0490,AB-,98
b0490,O+,80
b0490,O-,55
b0491,A+,12
b0491,A-,18
b0491,B+,15
b0491,B-,61
b0491,AB+,25
b0491,AB-,81
b0491,O+,83
b0491,O-,37
b0492,A+,94
b0492,A-,33
b0492,B+,60
b0492,B-,82
b0492,AB+,93
b0492,AB-,40
b0492,O+,46
b0492,O-,26
b0493,A+,24
b0493,A-,57
b0493,B+,100
b0493,B-,28
b0493,AB+,41
b0493,AB-,86
b0493,O+,19
b0493,O-,47
b0494,A+,22
b0494,A-,44
b0494,B+,20
b0494,B-,65
b0494,AB+,66
b0494,AB-,11
b0494,O+,95
b0494,O-,47
b0495,A+,52
b0495,A-,68
b0495,B+,74
b0495,B-,21
b0495,AB+,76
b0495,AB-,98
b0495,O+,72
b0495,O-,59
b0496,A+,37
b0496,A-,43
b0496,B+,21
b0496,B-,55
b0496,AB+,75
b0496,AB-,60
b0496,O+,69
b0496,O-,1
b0497,A+,19
b0497,A-,37
b0497,B+,24
b0497,B-,51
b0497,AB+,81
b0497,AB-,7
b0497,O+,73
b0497,O-,72
b0498,A+,42
b0498,A-,3
b0498,B+,69
b0498,B-,92
b0498,AB+,38
b0498,AB-,89
b0498,O+,54
b0498,O-,89
b0499,A+,0
b0499,A-,48
b0499,B+,64
b0499,B-,5
b0499,AB+,70
b0499,AB-,68
b0499,O+,76
b0499,O-,34
b0500,A+,73
b0500,A-,86
b0500,B+,72
b0500,B-,17
b0500,AB+,32
b0500,AB-,48
b0500,O+,46
b0500,O-,31
b0501,A+,89
b0501,A-,85
b0501,B+,87
b0501,B-,5
b0501,AB+,49
b0501,AB-,92
b0501,O+,24
b0501,O-,71
b0502,A+,94
b0502,A-,10
b0502,B+,17
b0502,B-,90
b0502,AB+,29
b0502,AB-,39
b0502,O+,63
b0502,O-,19
b0503,A+,36
b0503,A-,4
b0503,B+,45
b0503,B-,23
b0503,AB+,54
b0503,AB-,1
b0503,O+,73
b0503,O-,29
b0504,A+,38
b0504,A-,26
b0504,B+,26
b0504,B-,49
b0504,AB+,60
b0504,AB-,85
b0504,O+,80
b0504,O-,62
b0505,A+,32
b0505,A-,56
b0505,B+,2
b0505,B-,49
b0505,AB+,48
b0505,AB-,36
b0505,O+,59
b0505,O-,25
b0506,A+,69
b0506,A-,99
b0506,B+,88
b0506,B-,13
b0506,AB+,31
b0506,AB-,1
b0506,O+,14
b0506,O-,29
b0507,A+,66
b0507,A-,10
b0507,B+,93
b0507,B-,98
b0507,AB+,5
b0507,AB-,52
b0507,O+,91
b0507,O-,96
b0508,A+,80
b0508,A-,11
b0508,B+,42
b0508,B-,37
b0508,AB+,84
b0508,AB-,63
b0508,O+,74
b0508,O-,55
b0509,A+,18
b0509,A-,62
b0509,B+,20
b0509,B-,8
b0509,AB+,30
b0509,AB-,32
b0509,O+,76
b0509,O-,36
b0510,A+,66
b0510,A-,65
b0510,B+,46
b0510,B-,23
b0510,AB+,6
b0510,AB-,41
b0510,O+,57
b0510,O-,46
b0511,A+,60
b0511,A-,65
b0511,B+,21
b0511,B-,29
b0511,AB+,86
b0511,AB-,76
b0511,O+,94
b0511,O-,73
b0512,A+,9
b0512,A-,47
b0512,B+,57
b0512,B-,75
b0512,AB+,25
b0512,AB-,78
b0512,O+,19
b0512,O-,17
b0513,A+,10
b0513,A-,90
b0513,B+,2
b0513,B-,16
b0513,AB+,87
b0513,AB-,87
b0513,O+,67
b0513,O-,88
b0514,A+,82
b0514,A-,15
b0514,B+,40
b0514,B-,62
b0514,AB+,7
b0514,AB-,97
b0514,O+,43
b0514,O-,100
b0515,A+,83
b0515,A-,2
b0515,B+,21
b0515,B-,10
b0515,AB+,8
b0515,AB-,42
b0515,O+,99
b0515,O-,65
b0516,A+,59
b0516,A-,43
b0516,B+,50
b0516,B-,82
b0516,AB+,64
b0516,AB-,11
b0516,O+,91
b0516,O-,2
b0517,A+,68
b0517,A-,20
b0517,B+,31
b0517,B-,8
b0517,AB+,33
b0517,AB-,36
b0517,O+,71
b0517,O-,84
b0518,A+,97
b0518,A-,57
b0518,B+,44
b0518,B-,32
b0518,AB+,7
b0518,AB-,25
b0518,O+,45
b0518,O-,71
b0519,A+,47
b0519,A-,27
b0519,B+,51
b0519,B-,55
b0519,AB+,70
b0519,AB-,46
b0519,O+,98
b0519,O-,87
b0520,A+,61
b0520,A-,79
b0520,B+,7
b0520,B-,32
b0520,AB+,27
b0520,AB-,14
b0520,O+,54
b0520,O-,28
b0521,A+,29
b0521,A-,77
b0521,B+,0
b0521,B-,60
b0521,AB+,83
b0521,AB-,46
b0521,O+,66
b0521,O-,67
b0522,A+,76
b0522,A-,82
b0522,B+,38
b0522,B-,100
b0522,AB+,92
b0522,AB-,78
b0522,O+,71
b0522,O-,54
b0523,A+,58
b0523,A-,74
b0523,B+,29
b0523,B-,28
b0523,AB+,74
b0523,AB-,25
b0523,O+,8
b0523,O-,63
b0524,A+,6
b0524,A-,77
b0524,B+,84
b0524,B-,26
b0524,AB+,90
b0524,AB-,16
b0524,O+,94
b0524,O-,87
b0525,A+,37
b0525,A-,13
b0525,B+,72
b0525,B-,20
b0525,AB+,92
b0525,AB-,21
b0525,O+,37
b0525,O-,62
b0526,A+,30
b0526,A-,39
b0526,B+,77
b0526,B-,18
b0526,AB+,45
b0526,AB-,38
b0526,O+,63
b0526,O-,78
b0527,A+,64
b0527,A-,89
b0527,B+,91
b0527,B-,32
b0527,AB+,10
b0527,AB-,19
b0527,O+,87
b0527,O-,41
b0528,A+,24
b0528,A-,28
b0528,B+,55
b0528,B-,48
b0528,AB+,60
b0528,AB-,47
b0528,O+,75
b0528,O-,76
b0529,A+,22
b0529,A-,26
b0529,B+,21
b0529,B-,52
b0529,AB+,63
b0529,AB-,72
b0529,O+,52
b0529,O-,60
b0530,A+,1
b0530,A-,40
b0530,B+,32
b0530,B-,3
b0530,AB+,16
b0530,AB-,75
b0530,O+,66
b0530,O-,85
b0531,A+,38
b0531,A-,89
b0531,B+,66
b0531,B-,42
b0531,AB+,91
b0531,AB-,76
b0531,O+,7
b0531,O-,83
b0532,A+,61
b0532,A-,0
b0532,B+,22
b0532,B-,90
b0532,AB+,77
b0532,AB-,10
b0532,O+,7
b0532,O-,22
b0533,A+,53
b0533,A-,14
b0533,B+,79
b0533,B-,7
b0533,AB+,82
b0533,AB-,73
b0533,O+,100
b0533,O-,86
b0534,A+,8
b0534,A-,91
b0534,B+,38
b0534,B-,37
b0534,AB+,68
b0534,AB-,43
b0534,O+,60
b0534,O-,88
b0535,A+,11
b0535,A-,13
b0535,B+,85
b0535,B-,73
b0535,AB+,6
b0535,AB-,67
b0535,O+,20
b0535,O-,39
b0536,A+,87
b0536,A-,57
b0536,B+,47
b0536,B-,80
b0536,AB+,33
b0536,AB-,12
b0536,O+,68
b0536,O-,70
b0537,A+,70
b0537,A-,43
b0537,B+,13
b0537,B-,78
b0537,AB+,38
b0537,AB-,65
b0537,O+,98
b0537,O-,16
b0538,A+,41
b0538,A-,75
b0538,B+,80
b0538,B-,48
b0538,AB+,45
b0538,AB-,32
b0538,O+,89
b0538,O-,57
b0539,A+,53
b0539,A-,28
b0539,B+,13
b0539,B-,46
b0539,AB+,26
b0539,AB-,2
b0539,O+,36
b0539,O-,23
b0540,A+,84
b0540,A-,52
b0540,B+,82
b0540,B-,60
b0540,AB+,66
b0540,AB-,8
b0540,O+,33
b0540,O-,90
b0541,A+,24
b0541,A-,24
b0541,B+,26
b0541,B-,10
b0541,AB+,42
b0541,AB-,40
b0541,O+,34
b0541,O-,42
b0542,A+,9
b0542,A-,11
b0542,B+,61
b0542,B-,13
b0542,AB+,3
b0542,AB-,39
b0542,O+,85
b0542,O-,24
b0543,A+,7
b0543,A-,24
b0543,B+,77
b0543,B-,25
b0543,AB+,10
b0543,AB-,99
b0543,O+,63
b0543,O-,37
b0544,A+,10
b0544,A-,22
b0544,B+,10
b0544,B-,60
b0544,AB+,43
b0544,AB-,68
b0544,O+,17
b0544,O-,94
b0545,A+,23
b0545,A-,50
b0545,B+,19
b0545,B-,50
b0545,AB+,47
b0545,AB-,45
b0545,O+,81
b0545,O-,25
b0546,A+,6
b0546,A-,60
b0546,B+,6
b0546,B-,47
b0546,AB+,53
b0546,AB-,40
b0546,O+,89
b0546,O-,71
b0547,A+,92
b0547,A-,69
b0547,B+,38
b0547,B-,8
b0547,AB+,10
b0547,AB-,11
b0547,O+,20
b0547,O-,17
b0548,A+,81
b0548,A-,75
b0548,B+,84
b0548,B-,85
b0548,AB+,2
b0548,AB-,60
b0548,O+,33
b0548,O-,95
b0549,A+,86
b0549,A-,1
b0549,B+,12
b0549,B-,38
b0549,AB+,69
b0549,AB-,56
b0549,O+,98
b0549,O-,23
b0550,A+,64
b0550,A-,79
b0550,B+,1
b0550,B-,8
b0550,AB+,9
b0550,AB-,28
b0550,O+,45
b0550,O-,90
b0551,A+,42
b0551,A-,71
b0551,B+,67
b0551,B-,52
b0551,AB+,22
b0551,AB-,86
b0551,O+,1
b0551,O-,31
b0552,A+,74
b0552,A-,65
b0552,B+,88
b0552,B-,56
b0552,AB+,13
b0552,AB-,28
b0552,O+,20
b0552,O-,83
b0553,A+,29
b0553,A-,13
b0553,B+,88
b0553,B-,74
b0553,AB+,0
b0553,AB-,12
b0553,O+,78
b0553,O-,85
b0554,A+,5
b0554,A-,71
b0554,B+,51
b0554,B-,34
b0554,AB+,33
b0554,AB-,57
b0554,O+,29
b0554,O-,25
b0555,A+,34
b0555,A-,7
b0555,B+,50
b0555,B-,24
b0555,AB+,35
b0555,AB-,32
b0555,O+,40
b0555,O-,92
b0556,A+,23
b0556,A-,68
b0556,B+,38
b0556,B-,95
b0556,AB+,98
b0556,AB-,71
b0556,O+,30
b0556,O-,53
b0557,A+,61
b0557,A-,45
b0557,B+,46
b0557,B-,2
b0557,AB+,14
b0557,AB-,44
b0557,O+,58
b0557,O-,79
b0558,A+,80
b0558,A-,57
b0558,B+,9
b0558,B-,33
b0558,AB+,55
b0558,AB-,24
b0558,O+,87
b0558,O-,1
b0559,A+,25
b0559,A-,81
b0559,B+,14
b0559,B-,53
b0559,AB+,87
b0559,AB-,65
b0559,O+,35
b0559,O-,75
b0560,A+,71
b0560,A-,17
b0560,B+,100
b0560,B-,59
b0560,AB+,62
b0560,AB-,54
b0560,O+,68
b0560,O-,98
b0561,A+,10
b0561,A-,29
b0561,B+,59
b0561,B-,34
b0561,AB+,82
b0561,AB-,57
b0561,O+,80
b0561,O-,33
b0562,A+,47
b0562,A-,16
b0562,B+,84
b0562,B-,82
b0562,AB+,47
b0562,AB-,61
b0562,O+,82
b0562,O-,20
b0563,A+,91
b0563,A-,80
b0563,B+,23
b0563,B-,40
b0563,AB+,19
b0563,AB-,70
b0563,O+,96
b0563,O-,85
b0564,A+,89
b0564,A-,11
b0564,B+,82
b0564,B-,64
b0564,AB+,78
b0564,AB-,47
b0564,O+,27
b0564,O-,80
b0565,A+,35
b0565,A-,26
b0565,B+,63
b0565,B-,41
b0565,AB+,73
b0565,AB-,77
b0565,O+,34
b0565,O-,76
b0566,A+,78
b0566,A-,18
b0566,B+,32
b0566,B-,95
b0566,AB+,48
b0566,AB-,12
b0566,O+,61
b0566,O-,50
b0567,A+,47
b0567,A-,25
b0567,B+,5
b0567,B-,57
b0567,AB+,84
b0567,AB-,50
b0567,O+,52
b0567,O-,90
b0568,A+,55
b0568,A-,5
b0568,B+,57
b0568,B-,66
b0568,AB+,48
b0568,AB-,1
b0568,O+,7
b0568,O-,39
b0569,A+,33
b0569,A-,46
b0569,B+,89
b0569,B-,93
b0569,AB+,73
b0569,AB-,55
b0569,O+,14
b0569,O-,65
b0570,A+,32
b0570,A-,87
b0570,B+,16
b0570,B-,11
b0570,AB+,55
b0570,AB-,72
b0570,O+,74
b0570,O-,24
b0571,A+,2
b0571,A-,38
b0571,B+,81
b0571,B-,3
b0571,AB+,20
b0571,AB-,98
b0571,O+,73
b0571,O-,22
b0572,A+,51
b0572,A-,31
b0572,B+,78
b0572,B-,20
b0572,AB+,58
b0572,AB-,16
b0572,O+,86
b0572,O-,58
b0573,A+,74
b0573,A-,90
b0573,B+,71
b0573,B-,64
b0573,AB+,48
b0573,AB-,37
b0573,O+,48
b0573,O-,94
b0574,A+,40
b0574,A-,39
b0574,B+,64
b0574,B-,3
b0574,AB+,78
b0574,AB-,74
b0574,O+,69
b0574,O-,35
b0575,A+,90
b0575,A-,67
b0575,B+,46
b0575,B-,39
b0575,AB+,32
b0575,AB-,61
b0575,O+,10
b0575,O-,85
b0576,A+,50
b0576,A-,39
b0576,B+,19
b0576,B-,12
b0576,AB+,12
b0576,AB-,63
b0576,O+,98
b0576,O-,65
b0577,A+,60
b0577,A-,19
b0577,B+,56
b0577,B-,36
b0577,AB+,23
b0577,AB-,50
b0577,O+,56
b0577,O-,40
b0578,A+,24
b0578,A-,18
b0578,B+,5
b0578,B-,17
b0578,AB+,35
b0578,AB-,28
b0578,O+,47
b0578,O-,76
b0579,A+,69
b0579,A-,59
b0579,B+,89
b0579,B-,92
b0579,AB+,10
b0579,AB-,59
b0579,O+,35
b0579,O-,69
b0580,A+,17
b0580,A-,56
b0580,B+,20
b0580,B-,30
b0580,AB+,46
b0580,AB-,100
b0580,O+,81
b0580,O-,46
b0581,A+,20
b0581,A-,89
b0581,B+,40
b0581,B-,49
b0581,AB+,45
b0581,AB-,80
b0581,O+,0
b0581,O-,51
b0582,A+,44
b0582,A-,65
b0582,B+,67
b0582,B-,2
b0582,AB+,73
b0582,AB-,25
b0582,O+,59
b0582,O-,71
b0583,A+,45
b0583,A-,4
b0583,B+,87
b0583,B-,90
b0583,AB+,1
b0583,AB-,9
b0583,O+,73
b0583,O-,50
b0584,A+,73
b0584,A-,63
b0584,B+,99
b0584,B-,31
b0584,AB+,63
b0584,AB-,75
b0584,O+,67
b0584,O-,63
b0585,A+,25
b0585,A-,3
b0585,B+,84
b0585,B-,95
b0585,AB+,78
b0585,AB-,85
b0585,O+,43
b0585,O-,5
b0586,A+,32
b0586,A-,94
b0586,B+,26
b0586,B-,86
b0586,AB+,1
b0586,AB-,33
b0586,O+,9
b0586,O-,15
b0587,A+,85
b0587,A-,67
b0587,B+,4
b0587,B-,4
b0587,AB+,51
b0587,AB-,100
b0587,O+,96
b0587,O-,94
b0588,A+,55
b0588,A-,21
b0588,B+,64
b0588,B-,38
b0588,AB+,76
b0588,AB-,87
b0588,O+,82
b0588,O-,97
b0589,A+,67
b0589,A-,97
b0589,B+,10
b0589,B-,43
b0589,AB+,8
b0589,AB-,1
b0589,O+,31
b0589,O-,47
b0590,A+,25
b0590,A-,79
b0590,B+,100
b0590,B-,85
b0590,AB+,25
b0590,AB-,18
b0590,O+,100
b0590,O-,59
b0591,A+,42
b0591,A-,75
b0591,B+,97
b0591,B-,31
b0591,AB+,84
b0591,AB-,76
b0591,O+,82
b0591,O-,4
b0592,A+,32
b0592,A-,75
b0592,B+,51
b0592,B-,32
b0592,AB+,10
b0592,AB-,79
b0592,O+,26
b0592,O-,53
b0593,A+,62
b0593,A-,22
b0593,B+,13
b0593,B-,76
b0593,AB+,14
b0593,AB-,24
b0593,O+,0
b0593,O-,0
b0594,A+,92
b0594,A-,42
b0594,B+,30
b0594,B-,63
b0594,AB+,52
b0594,AB-,61
b0594,O+,91
b0594,O-,32
b0595,A+,42
b0595,A-,7
b0595,B+,64
b0595,B-,15
b0595,AB+,61
b0595,AB-,90
b0595,O+,46
b0595,O-,18
b0596,A+,16
b0596,A-,96
b0596,B+,33
b0596,B-,2
b0596,AB+,52
b0596,AB-,51
b0596,O+,9
b0596,O-,40
b0597,A+,66
b0597,A-,24
b0597,B+,36
b0597,B-,49
b0597,AB+,73
b0597,AB-,7
b0597,O+,38
b0597,O-,77
b0598,A+,15
b0598,A-,37
b0598,B+,22
b0598,B-,3
b0598,AB+,52
b0598,AB-,11
b0598,O+,16
b0598,O-,80
b0599,A+,71
b0599,A-,17
b0599,B+,88
b0599,B-,8
b0599,AB+,69
b0599,AB-,73
b0599,O+,94
b0599,O-,44
b0600,A+,26
b0600,A-,7
b0600,B+,13
b0600,B-,24
b0600,AB+,25
b0600,AB-,50
b0600,O+,81
b0600,O-,2
b0601,A+,81
b0601,A-,19
b0601,B+,32
b0601,B-,76
b0601,AB+,44
b0601,AB-,77
b0601,O+,100
b0601,O-,85
b0602,A+,0
b0602,A-,21
b0602,B+,83
b0602,B-,51
b0602,AB+,12
b0602,AB-,76
b0602,O+,38
b0602,O-,33
b0603,A+,72
b0603,A-,97
b0603,B+,54
b0603,B-,97
b0603,AB+,92
b0603,AB-,76
b0603,O+,15
b0603,O-,46
b0604,A+,89
b0604,A-,15
b0604,B+,0
b0604,B-,42
b0604,AB+,34
b0604,AB-,45
b0604,O+,30
b0604,O-,86
b0605,A+,59
b0605,A-,10
b0605,B+,71
b0605,B-,99
b0605,AB+,2
b0605,AB-,11
b0605,O+,36
b0605,O-,86
b0606,A+,85
b0606,A-,88
b0606,B+,54
b0606,B-,69
b0606,AB+,18
b0606,AB-,99
b0606,O+,27
b0606,O-,70
b0607,A+,6
b0607,A-,83
b0607,B+,49
b0607,B-,36
b0607,AB+,36
b0607,AB-,97
b0607,O+,63
b0607,O-,31
b0608,A+,44
b0608,A-,79
b0608,B+,33
b0608,B-,86
b0608,AB+,21
b0608,AB-,76
b0608,O+,38
b0608,O-,95
b0609,A+,96
b0609,A-,55
b0609,B+,33
b0609,B-,69
b0609,AB+,18
b0609,AB-,16
b0609,O+,33
b0609,O-,87
b0610,A+,58
b0610,A-,30
b0610,B+,20
b0610,B-,22
b0610,AB+,25
b0610,AB-,39
b0610,O+,76
b0610,O-,55
b0611,A+,67
b0611,A-,56
b0611,B+,7
b0611,B-,0
b0611,AB+,74
b0611,AB-,5
b0611,O+,59
b0611,O-,45
b0612,A+,13
b0612,A-,5
b0612,B+,67
b0612,B-,40
b0612,AB+,49
b0612,AB-,16
b0612,O+,86
b0612,O-,40
b0613,A+,35
b0613,A-,67
b0613,B+,28
b0613,B-,49
b0613,AB+,53
b0613,AB-,77
b0613,O+,59
b0613,O-,20
b0614,A+,58
b0614,A-,65
b0614,B+,84
b0614,B-,55
b0614,AB+,73
b0614,AB-,79
b0614,O+,86
b0614,O-,64
b0615,A+,100
b0615,A-,12
b0615,B+,65
b0615,B-,23
b0615,AB+,50
b0615,AB-,63
b0615,O+,17
b0615,O-,77
b0616,A+,77
b0616,A-,45
b0616,B+,86
b0616,B-,24
b0616,AB+,15
b0616,AB-,74
b0616,O+,69
b0616,O-,20
b0617,A+,5
b0617,A-,82
b0617,B+,96
b0617,B-,28
b0617,AB+,67
b0617,AB-,62
b0617,O+,87
b0617,O-,89
b0618,A+,96
b0618,A-,0
b0618,B+,92
b0618,B-,61
b0618,AB+,79
b0618,AB-,61
b0618,O+,9
b0618,O-,35
b0619,A+,46
b0619,A-,18
b0619,B+,51
b0619,B-,66
b0619,AB+,86
b0619,AB-,48
b0619,O+,21
b0619,O-,40
b0620,A+,89
b0620,A-,22
b0620,B+,99
b0620,B-,32
b0620,AB+,91
b0620,AB-,95
b0620,O+,96
b0620,O-,27
b0621,A+,69
b0621,A-,70
b0621,B+,19
b0621,B-,14
b0621,AB+,75
b0621,AB-,13
b0621,O+,57
b0621,O-,36
b0622,A+,90
b0622,A-,7
b0622,B+,54
b0622,B-,40
b0622,AB+,85
b0622,AB-,69
b0622,O+,49
b0622,O-,96
b0623,A+,25
b0623,A-,54
b0623,B+,73
b0623,B-,58
b0623,AB+,8
b0623,AB-,33
b0623,O+,45
b0623,O-,39
b0624,A+,83
b0624,A-,70
b0624,B+,76
b0624,B-,8
b0624,AB+,75
b0624,AB-,79
b0624,O+,37
b0624,O-,57
b0625,A+,51
b0625,A-,50
b0625,B+,56
b0625,B-,62
b0625,AB+,68
b0625,AB-,44
b0625,O+,53
b0625,O-,81
b0626,A+,65
b0626,A-,27
b0626,B+,18
b0626,B-,83
b0626,AB+,53
b0626,AB-,79
b0626,O+,65
b0626,O-,44
b0627,A+,50
b0627,A-,69
b0627,B+,49
b0627,B-,67
b0627,AB+,19
b0627,AB-,42
b0627,O+,35
b0627,O-,68
b0628,A+,86
b0628,A-,31
b0628,B+,39
b0628,B-,25
b0628,AB+,27
b0628,AB-,21
b0628,O+,29
b0628,O-,48
b0629,A+,53
b0629,A-,94
b0629,B+,25
b0629,B-,20
b0629,AB+,2
b0629,AB-,53
b0629,O+,67
b0629,O-,42
b0630,A+,44
b0630,A-,70
b0630,B+,17
b0630,B-,30
b0630,AB+,54
b0630,AB-,72
b0630,O+,60
b0630,O-,10
b0631,A+,24
b0631,A-,91
b0631,B+,80
b0631,B-,58
b0631,AB+,41
b0631,AB-,79
b0631,O+,40
b0631,O-,91
b0632,A+,8
b0632,A-,15
b0632,B+,51
b0632,B-,78
b0632,AB+,78
b0632,AB-,43
b0632,O+,11
b0632,O-,69
b0633,A+,90
b0633,A-,98
b0633,B+,45
b0633,B-,77
b0633,AB+,93
b0633,AB-,88
b0633,O+,1
b0633,O-,36
b0634,A+,6
b0634,A-,2
b0634,B+,63
b0634,B-,98
b0634,AB+,81
b0634,AB-,5
b0634,O+,69
b0634,O-,73
b0635,A+,10
b0635,A-,91
b0635,B+,0
b0635,B-,25
b0635,AB+,32
b0635,AB-,88
b0635,O+,65
b0635,O-,59
b0636,A+,85
b0636,A-,80
b0636,B+,64
b0636,B-,25
b0636,AB+,97
b0636,AB-,34
b0636,O+,54
b0636,O-,66
b0637,A+,20
b0637,A-,5
b0637,B+,17
b0637,B-,80
b0637,AB+,57
b0637,AB-,97
b0637,O+,5
b0637,O-,75
b0638,A+,14
b0638,A-,28
b0638,B+,48
b0638,B-,49
b0638,AB+,78
b0638,AB-,55
b0638,O+,56
b0638,O-,32
b0639,A+,72
b0639,A-,93
b0639,B+,65
b0639,B-,48
b0639,AB+,59
b0639,AB-,65
b0639,O+,6
b0639,O-,87
b0640,A+,77
b0640,A-,69
b0640,B+,11
b0640,B-,9
b0640,AB+,13
b0640,AB-,5
b0640,O+,51
b0640,O-,42
b0641,A+,90
b0641,A-,17
b0641,B+,31
b0641,B-,43
b0641,AB+,84
b0641,AB-,12
b0641,O+,43
b0641,O-,92
b0642,A+,99
b0642,A-,8
b0642,B+,50
b0642,B-,46
b0642,AB+,73
b0642,AB-,5
b0642,O+,46
b0642,O-,42
b0643,A+,51
b0643,A-,27
b0643,B+,31
b0643,B-,26
b0643,AB+,4
b0643,AB-,16
b0643,O+,40
b0643,O-,72
b0644,A+,73
b0644,A-,69
b0644,B+,45
b0644,B-,2
b0644,AB+,34
b0644,AB-,97
b0644,O+,63
b0644,O-,37
b0645,A+,35
b0645,A-,6
b0645,B+,49
b0645,B-,36
b0645,AB+,38
b0645,AB-,90
b0645,O+,58
b0645,O-,38
b0646,A+,79
b0646,A-,71
b0646,B+,0
b0646,B-,77
b0646,AB+,54
b0646,AB-,73
b0646,O+,10
b0646,O-,70
b0647,A+,73
b0647,A-,3
b0647,B+,43
b0647,B-,33
b0647,AB+,84
b0647,AB-,43
b0647,O+,15
b0647,O-,57
b0648,A+,23
b0648,A-,33
b0648,B+,98
b0648,B-,58
b0648,AB+,88
b0648,AB-,75
b0648,O+,40
b0648,O-,97
b0649,A+,60
b0649,A-,67
b0649,B+,37
b0649,B-,91
b0649,AB+,78
b0649,AB-,21
b0649,O+,31
b0649,O-,81
b0650,A+,5
b0650,A-,36
b0650,B+,25
b0650,B-,21
b0650,AB+,65
b0650,AB-,29
b0650,O+,78
b0650,O-,2
b0651,A+,94
b0651,A-,84
b0651,B+,67
b0651,B-,66
b0651,AB+,38
b0651,AB-,73
b0651,O+,51
b0651,O-,77
b0652,A+,75
b0652,A-,55
b0652,B+,93
b0652,B-,37
b0652,AB+,47
b0652,AB-,92
b0652,O+,29
b0652,O-,80
b0653,A+,30
b0653,A-,27
b0653,B+,60
b0653,B-,80
b0653,AB+,38
b0653,AB-,18
b0653,O+,73
b0653,O-,62
b0654,A+,18
b0654,A-,46
b0654,B+,62
b0654,B-,55
b0654,AB+,42
b0654,AB-,74
b0654,O+,12
b0654,O-,16
b0655,A+,34
b0655,A-,7
b0655,B+,27
b0655,B-,18
b0655,AB+,47
b0655,AB-,64
b0655,O+,37
b0655,O-,15
b0656,A+,46
b0656,A-,25
b0656,B+,81
b0656,B-,30
b0656,AB+,18
b0656,AB-,86
b0656,O+,15
b0656,O-,3
b0657,A+,95
b0657,A-,56
b0657,B+,24
b0657,B-,27
b0657,AB+,42
b0657,AB-,15
b0657,O+,29
b0657,O-,19
b0658,A+,90
b0658,A-,81
b0658,B+,88
b0658,B-,84
b0658,AB+,72
b0658,AB-,55
b0658,O+,8
b0658,O-,73
b0659,A+,92
b0659,A-,8
b0659,B+,36
b0659,B-,48
b0659,AB+,67
b0659,AB-,93
b0659,O+,33
b0659,O-,87
b0660,A+,38
b0660,A-,42
b0660,B+,1
b0660,B-,17
b0660,AB+,92
b0660,AB-,40
b0660,O+,17
b0660,O-,9
b0661,A+,51
b0661,A-,53
b0661,B+,36
b0661,B-,61
b0661,AB+,78
b0661,AB-,100
b0661,O+,78
b0661,O-,52
b0662,A+,29
b0662,A-,27
b0662,B+,35
b0662,B-,79
b0662,AB+,19
b0662,AB-,20
b0662,O+,23
b0662,O-,47
b0663,A+,11
b0663,A-,45
b0663,B+,40
b0663,B-,60
b0663,AB+,59
b0663,AB-,79
b0663,O+,55
b0663,O-,85
b0664,A+,100
b0664,A-,94
b0664,B+,99
b0664,B-,67
b0664,AB+,31
b0664,AB-,77
b0664,O+,55
b0664,O-,35
b0665,A+,2
b0665,A-,89
b0665,B+,66
b0665,B-,74
b0665,AB+,68
b0665,AB-,29
b0665,O+,38
b0665,O-,89
b0666,A+,29
b0666,A-,92
b0666,B+,94
b0666,B-,6
b0666,AB+,54
b0666,AB-,8
b0666,O+,56
b0666,O-,12
b0667,A+,37
b0667,A-,28
b0667,B+,25
b0667,B-,59
b0667,AB+,22
b0667,AB-,45
b0667,O+,69
b0667,O-,4
b0668,A+,2
b0668,A-,30
b0668,B+,59
b0668,B-,36
b0668,AB+,42
b0668,AB-,38
b0668,O+,84
b0668,O-,70
b0669,A+,47
b0669,A-,72
b0669,B+,38
b0669,B-,95
b0669,AB+,42
b0669,AB-,29
b0669,O+,17
b0669,O-,39
b0670,A+,20
b0670,A-,26
b0670,B+,90
b0670,B-,13
b0670,AB+,27
b0670,AB-,21
b0670,O+,89
b0670,O-,14
b0671,A+,82
b0671,A-,84
b0671,B+,14
b0671,B-,89
b0671,AB+,67
b0671,AB-,98
b0671,O+,69
b0671,O-,86
b0672,A+,83
b0672,A-,89
b0672,B+,36
b0672,B-,10
b0672,AB+,52
b0672,AB-,83
b0672,O+,28
b0672,O-,32
b0673,A+,24
b0673,A-,34
b0673,B+,26
b0673,B-,95
b0673,AB+,60
b0673,AB-,23
b0673,O+,72
b0673,O-,27
b0674,A+,55
b0674,A-,7
b0674,B+,45
b0674,B-,79
b0674,AB+,15
b0674,AB-,22
b0674,O+,93
b0674,O-,56
b0675,A+,42
b0675,A-,28
b0675,B+,31
b0675,B-,19
b0675,AB+,90
b0675,AB-,63
b0675,O+,51
b0675,O-,28
b0676,A+,79
b0676,A-,28
b0676,B+,76
b0676,B-,23
b0676,AB+,27
b0676,AB-,30
b0676,O+,95
b0676,O-,62
b0677,A+,67
b0677,A-,54
b0677,B+,71
b0677,B-,97
b0677,AB+,96
b0677,AB-,95
b0677,O+,28
b0677,O-,68
b0678,A+,99
b0678,A-,47
b0678,B+,86
b0678,B-,62
b0678,AB+,88
b0678,AB-,70
b0678,O+,38
b0678,O-,8
b0679,A+,62
b0679,A-,24
b0679,B+,25
b0679,B-,41
b0679,AB+,67
b0679,AB-,61
b0679,O+,80
b0679,O-,45
b0680,A+,84
b0680,A-,41
b0680,B+,37
b0680,B-,47
b0680,AB+,16
b0680,AB-,73
b0680,O+,88
b0680,O-,34
b0681,A+,4
b0681,A-,96
b0681,B+,13
b0681,B-,29
b0681,AB+,3
b0681,AB-,65
b0681,O+,4
b0681,O-,21
b0682,A+,22
b0682,A-,58
b0682,B+,32
b0682,B-,69
b0682,AB+,97
b0682,AB-,68
b0682,O+,87
b0682,O-,78
b0683,A+,8
b0683,A-,98
b0683,B+,76
b0683,B-,24
b0683,AB+,96
b0683,AB-,67
b0683,O+,17
b0683,O-,68
b0684,A+,27
b0684,A-,54
b0684,B+,99
b0684,B-,20
b0684,AB+,8
b0684,AB-,77
b0684,O+,36
b0684,O-,48
b0685,A+,6
b0685,A-,47
b0685,B+,94
b0685,B-,41
b0685,AB+,27
b0685,AB-,44
b0685,O+,72
b0685,O-,63
b0686,A+,65
b0686,A-,93
b0686,B+,50
b0686,B-,12
b0686,AB+,92
b0686,AB-,77
b0686,O+,23
b0686,O-,73
b0687,A+,5
b0687,A-,93
b0687,B+,7
b0687,B-,5
b0687,AB+,7
b0687,AB-,7
b0687,O+,85
b0687,O-,71
b0688,A+,94
b0688,A-,25
b0688,B+,0
b0688,B-,77
b0688,AB+,27
b0688,AB-,91
b0688,O+,82
b0688,O-,84
b0689,A+,46
b0689,A-,70
b0689,B+,25
b0689,B-,35
b0689,AB+,48
b0689,AB-,56
b0689,O+,91
b0689,O-,13
b0690,A+,60
b0690,A-,27
b0690,B+,46
b0690,B-,58
b0690,AB+,34
b0690,AB-,80
b0690,O+,89
b0690,O-,43
b0691,A+,99
b0691,A-,81
b0691,B+,98
b0691,B-,94
b0691,AB+,90
b0691,AB-,99
b0691,O+,0
b0691,O-,90
b0692,A+,28
b0692,A-,0
b0692,B+,51
b0692,B-,79
b0692,AB+,13
b0692,AB-,1
b0692,O+,92
b0692,O-,47
b0693,A+,90
b0693,A-,6
b0693,B+,100
b0693,B-,8
b0693,AB+,25
b0693,AB-,8
b0693,O+,0
b0693,O-,88
b0694,A+,6
b0694,A-,50
b0694,B+,85
b0694,B-,9
b0694,AB+,77
b0694,AB-,77
b0694,O+,89
b0694,O-,44
b0695,A+,77
b0695,A-,29
b0695,B+,56
b0695,B-,88
b0695,AB+,94
b0695,AB-,94
b0695,O+,67
b0695,O-,71
b0696,A+,13
b0696,A-,4
b0696,B+,14
b0696,B-,67
b0696,AB+,52
b0696,AB-,17
b0696,O+,33
b0696,O-,45
b0697,A+,88
b0697,A-,66
b0697,B+,86
b0697,B-,65
b0697,AB+,75
b0697,AB-,78
b0697,O+,7
b0697,O-,9
b0698,A+,17
b0698,A-,30
b0698,B+,75
b0698,B-,40
b0698,AB+,7
b0698,AB-,37
b0698,O+,62
b0698,O-,75
b0699,A+,84
b0699,A-,93
b0699,B+,20
b0699,B-,66
b0699,AB+,85
b0699,AB-,19
b0699,O+,97
b0699,O-,3
b0700,A+,91
b0700,A-,51
b0700,B+,47
b0700,B-,22
b0700,AB+,8
b0700,AB-,44
b0700,O+,2
b0700,O-,52
b0701,A+,98
b0701,A-,80
b0701,B+,17
b0701,B-,38
b0701,AB+,91
b0701,AB-,78
b0701,O+,27
b0701,O-,44
b0702,A+,29
b0702,A-,65
b0702,B+,56
b0702,B-,99
b0702,AB+,46
b0702,AB-,50
b0702,O+,5
b0702,O-,21
b0703,A+,58
b0703,A-,51
b0703,B+,9
b0703,B-,95
b0703,AB+,22
b0703,AB-,57
b0703,O+,71
b0703,O-,57
b0704,A+,8
b0704,A-,14
b0704,B+,67
b0704,B-,59
b0704,AB+,94
b0704,AB-,44
b0704,O+,27
b0704,O-,28
b0705,A+,55
b0705,A-,89
b0705,B+,87
b0705,B-,53
b0705,AB+,45
b0705,AB-,62
b0705,O+,1
b0705,O-,71
b0706,A+,31
b0706,A-,38
b0706,B+,41
b0706,B-,13
b0706,AB+,86
b0706,AB-,1
b0706,O+,37
b0706,O-,98
b0707,A+,5
b0707,A-,94
b0707,B+,81
b0707,B-,47
b0707,AB+,56
b0707,AB-,54
b0707,O+,1
b0707,O-,76
b0708,A+,59
b0708,A-,26
b0708,B+,13
b0708,B-,45
b0708,AB+,19
b0708,AB-,79
b0708,O+,46
b0708,O-,83
b0709,A+,27
b0709,A-,18
b0709,B+,36
b0709,B-,14
b0709,AB+,75
b0709,AB-,73
b0709,O+,15
b0709,O-,12
b0710,A+,21
b0710,A-,69
b0710,B+,92
b0710,B-,61
b0710,AB+,11
b0710,AB-,58
b0710,O+,56
b0710,O-,74
b0711,A+,46
b0711,A-,22
b0711,B+,95
b0711,B-,60
b0711,AB+,96
b0711,AB-,52
b0711,O+,71
b0711,O-,93
b0712,A+,26
b0712,A-,78
b0712,B+,72
b0712,B-,42
b0712,AB+,72
b0712,AB-,38
b0712,O+,83
b0712,O-,71
b0713,A+,74
b0713,A-,93
b0713,B+,41
b0713,B-,68
b0713,AB+,0
b0713,AB-,51
b0713,O+,75
b0713,O-,74
b0714,A+,90
b0714,A-,88
b0714,B+,56
b0714,B-,37
b0714,AB+,9
b0714,AB-,7
b0714,O+,41
b0714,O-,11
b0715,A+,34
b0715,A-,58
b0715,B+,57
b0715,B-,15
b0715,AB+,93
b0715,AB-,51
b0715,O+,8
b0715,O-,62
b0716,A+,72
b0716,A-,67
b0716,B+,37
b0716,B-,89
b0716,AB+,18
b0716,AB-,59
b0716,O+,12
b0716,O-,13
b0717,A+,26
b0717,A-,49
b0717,B+,100
b0717,B-,45
b0717,AB+,38
b0717,AB-,93
b0717,O+,34
b0717,O-,87
b0718,A+,35
b0718,A-,24
b0718,B+,74
b0718,B-,13
b0718,AB+,37
b0718,AB-,67
b0718,O+,32
b0718,O-,19
b0719,A+,73
b0719,A-,97
b0719,B+,69
b0719,B-,55
b0719,AB+,16
b0719,AB-,92
b0719,O+,75
b0719,O-,97
b0720,A+,18
b0720,A-,13
b0720,B+,88
b0720,B-,67
b0720,AB+,31
b0720,AB-,54
b0720,O+,96
b0720,O-,64
b0721,A+,50
b0721,A-,18
b0721,B+,39
b0721,B-,49
b0721,AB+,82
b0721,AB-,84
b0721,O+,11
b0721,O-,6
b0722,A+,100
b0722,A-,88
b0722,B+,31
b0722,B-,16
b0722,AB+,50
b0722,AB-,96
b0722,O+,2
b0722,O-,96
b0723,A+,96
b0723,A-,68
b0723,B+,12
b0723,B-,23
b0723,AB+,13
b0723,AB-,13
b0723,O+,51
b0723,O-,12
b0724,A+,67
b0724,A-,92
b0724,B+,80
b0724,B-,40
b0724,AB+,62
b0724,AB-,52
b0724,O+,28
b0724,O-,3
b0725,A+,86
b0725,A-,52
b0725,B+,68
b0725,B-,69
b0725,AB+,75
b0725,AB-,51
b0725,O+,73
b0725,O-,70
b0726,A+,42
b0726,A-,10
b0726,B+,73
b0726,B-,24
b0726,AB+,2
b0726,AB-,46
b0726,O+,64
b0726,O-,88
b0727,A+,83
b0727,A-,29
b0727,B+,31
b0727,B-,5
b0727,AB+,1
b0727,AB-,83
b0727,O+,10
b0727,O-,27
b0728,A+,80
b0728,A-,88
b0728,B+,50
b0728,B-,45
b0728,AB+,69
b0728,AB-,31
b0728,O+,57
b0728,O-,11
b0729,A+,70
b0729,A-,46
b0729,B+,31
b0729,B-,12
b0729,AB+,26
b0729,AB-,54
b0729,O+,88
b0729,O-,33
b0730,A+,44
b0730,A-,59
b0730,B+,36
b0730,B-,68
b0730,AB+,77
b0730,AB-,99
b0730,O+,22
b0730,O-,29
b0731,A+,100
b0731,A-,28
b0731,B+,59
b0731,B-,56
b0731,AB+,52
b0731,AB-,62
b0731,O+,52
b0731,O-,96
b0732,A+,28
b0732,A-,53
b0732,B+,43
b0732,B-,49
b0732,AB+,16
b0732,AB-,3
b0732,O+,24
b0732,O-,85
b0733,A+,47
b0733,A-,77
b0733,B+,47
b0733,B-,11
b0733,AB+,10
b0733,AB-,79
b0733,O+,93
b0733,O-,69
b0734,A+,72
b0734,A-,8
b0734,B+,55
b0734,B-,53
b0734,AB+,67
b0734,AB-,9
b0734,O+,19
b0734,O-,82
b0735,A+,58
b0735,A-,45
b0735,B+,87
b0735,B-,68
b0735,AB+,66
b0735,AB-,54
b0735,O+,57
b0735,O-,6
b0736,A+,62
b0736,A-,59
b0736,B+,42
b0736,B-,49
b0736,AB+,11
b0736,AB-,32
b0736,O+,31
b0736,O-,80
b0737,A+,0
b0737,A-,51
b0737,B+,61
b0737,B-,91
b0737,AB+,67
b0737,AB-,35
b0737,O+,2
b0737,O-,63
b0738,A+,6
b0738,A-,52
b0738,B+,0
b0738,B-,79
b0738,AB+,47
b0738,AB-,68
b0738,O+,25
b0738,O-,7
b0739,A+,84
b0739,A-,4
b0739,B+,65
b0739,B-,14
b0739,AB+,27
b0739,AB-,17
b0739,O+,34
b0739,O-,89
b0740,A+,69
b0740,A-,87
b0740,B+,55
b0740,B-,71
b0740,AB+,98
b0740,AB-,42
b0740,O+,90
b0740,O-,44
b0741,A+,26
b0741,A-,17
b0741,B+,98
b0741,B-,18
b0741,AB+,99
b0741,AB-,24
b0741,O+,2
b0741,O-,23
b0742,A+,30
b0742,A-,30
b0742,B+,47
b0742,B-,19
b0742,AB+,76
b0742,AB-,91
b0742,O+,14
b0742,O-,70
b0743,A+,88
b0743,A-,85
b0743,B+,35
b0743,B-,20
b0743,AB+,58
b0743,AB-,79
b0743,O+,77
b0743,O-,27
b0744,A+,54
b0744,A-,15
b0744,B+,77
b0744,B-,33
b0744,AB+,21
b0744,AB-,95
b0744,O+,5
b0744,O-,38
b0745,A+,50
b0745,A-,11
b0745,B+,88
b0745,B-,52
b0745,AB+,81
b0745,AB-,50
b0745,O+,30
b0745,O-,50
b0746,A+,71
b0746,A-,45
b0746,B+,18
b0746,B-,57
b0746,AB+,3
b0746,AB-,48
b0746,O+,56
b0746,O-,88
b0747,A+,22
b0747,A-,53
b0747,B+,53
b0747,B-,66
b0747,AB+,14
b0747,AB-,53
b0747,O+,79
b0747,O-,16
b0748,A+,15
b0748,A-,36
b0748,B+,91
b0748,B-,60
b0748,AB+,25
b0748,AB-,44
b0748,O+,10
b0748,O-,95
b0749,A+,65
b0749,A-,81
b0749,B+,64
b0749,B-,74
b0749,AB+,94
b0749,AB-,20
b0749,O+,9
b0749,O-,38
b0750,A+,6
b0750,A-,3
b0750,B+,94
b0750,B-,2
b0750,AB+,100
b0750,AB-,23
b0750,O+,29
b0750,O-,13
b0751,A+,35
b0751,A-,87
b0751,B+,57
b0751,B-,3
b0751,AB+,41
b0751,AB-,58
b0751,O+,45
b0751,O-,69
b0752,A+,56
b0752,A-,17
b0752,B+,44
b0752,B-,60
b0752,AB+,65
b0752,AB-,1
b0752,O+,9
b0752,O-,68
b0753,A+,33
b0753,A-,55
b0753,B+,35
b0753,B-,55
b0753,AB+,3
b0753,AB-,100
b0753,O+,100
b0753,O-,68
b0754,A+,42
b0754,A-,78
b0754,B+,77
b0754,B-,92
b0754,AB+,23
b0754,AB-,72
b0754,O+,54
b0754,O-,11
b0755,A+,9
b0755,A-,84
b0755,B+,57
b0755,B-,21
b0755,AB+,46
b0755,AB-,70
b0755,O+,88
b0755,O-,56
b0756,A+,20
b0756,A-,63
b0756,B+,77
b0756,B-,92
b0756,AB+,28
b0756,AB-,33
b0756,O+,94
b0756,O-,98
b0757,A+,7
b0757,A-,57
b0757,B+,85
b0757,B-,11
b0757,AB+,94
b0757,AB-,35
b0757,O+,6
b0757,O-,88
b0758,A+,58
b0758,A-,62
b0758,B+,81
b0758,B-,60
b0758,AB+,77
b0758,AB-,69
b0758,O+,8
b0758,O-,69
b0759,A+,6
b0759,A-,96
b0759,B+,59
b0759,B-,11
b0759,AB+,66
b0759,AB-,54
b0759,O+,6
b0759,O-,12
b0760,A+,98
b0760,A-,34
b0760,B+,43
b0760,B-,68
b0760,AB+,96
b0760,AB-,48
b0760,O+,71
b0760,O-,99
b0761,A+,30
b0761,A-,79
b0761,B+,44
b0761,B-,7
b0761,AB+,98
b0761,AB-,100
b0761,O+,62
b0761,O-,1
b0762,A+,29
b0762,A-,81
b0762,B+,79
b0762,B-,88
b0762,AB+,63
b0762,AB-,16
b0762,O+,16
b0762,O-,76
b0763,A+,24
b0763,A-,19
b0763,B+,89
b0763,B-,93
b0763,AB+,31
b0763,AB-,76
b0763,O+,22
b0763,O-,8
b0764,A+,70
b0764,A-,38
b0764,B+,92
b0764,B-,52
b0764,AB+,18
b0764,AB-,61
b0764,O+,62
b0764,O-,35
b0765,A+,15
b0765,A-,24
b0765,B+,8
b0765,B-,82
b0765,AB+,94
b0765,AB-,96
b0765,O+,85
b0765,O-,50
b0766,A+,56
b0766,A-,71
b0766,B+,53
b0766,B-,22
b0766,AB+,12
b0766,AB-,11
b0766,O+,75
b0766,O-,71
b0767,A+,86
b0767,A-,6
b0767,B+,72
b0767,B-,31
b0767,AB+,39
b0767,AB-,21
b0767,O+,18
b0767,O-,77
b0768,A+,37
b0768,A-,40
b0768,B+,27
b0768,B-,3
b0768,AB+,16
b0768,AB-,9
b0768,O+,30
b0768,O-,28
b0769,A+,66
b0769,A-,98
b0769,B+,18
b0769,B-,72
b0769,AB+,25
b0769,AB-,43
b0769,O+,40
b0769,O-,99
b0770,A+,21
b0770,A-,78
b0770,B+,66
b0770,B-,46
b0770,AB+,18
b0770,AB-,86
b0770,O+,58
b0770,O-,70
b0771,A+,56
b0771,A-,5
b0771,B+,80
b0771,B-,18
b0771,AB+,65
b0771,AB-,18
b0771,O+,39
b0771,O-,86
b0772,A+,2
b0772,A-,61
b0772,B+,60
b0772,B-,88
b0772,AB+,11
b0772,AB-,95
b0772,O+,62
b0772,O-,26
b0773,A+,79
b0773,A-,67
b0773,B+,47
b0773,B-,12
b0773,AB+,32
b0773,AB-,41
b0773,O+,14
b0773,O-,17
b0774,A+,28
b0774,A-,42
b0774,B+,13
b0774,B-,82
b0774,AB+,29
b0774,AB-,73
b0774,O+,90
b0774,O-,99
b0775,A+,99
b0775,A-,41
b0775,B+,0
b0775,B-,51
b0775,AB+,62
b0775,AB-,63
b0775,O+,76
b0775,O-,4
b0776,A+,94
b0776,A-,70
b0776,B+,27
b0776,B-,22
b0776,AB+,77
b0776,AB-,81
b0776,O+,52
b0776,O-,80
b0777,A+,89
b0777,A-,70
b0777,B+,49
b0777,B-,26
b0777,AB+,35
b0777,AB-,80
b0777,O+,2
b0777,O-,90
b0778,A+,75
b0778,A-,59
b0778,B+,58
b0778,B-,64
b0778,AB+,31
b0778,AB-,95
b0778,O+,52
b0778,O-,60
b0779,A+,49
b0779,A-,82
b0779,B+,31
b0779,B-,16
b0779,AB+,89
b0779,AB-,31
b0779,O+,14
b0779,O-,42
b0780,A+,74
b0780,A-,39
b0780,B+,25
b0780,B-,27
b0780,AB+,55
b0780,AB-,8
b0780,O+,4
b0780,O-,70
b0781,A+,21
b0781,A-,24
b0781,B+,17
b0781,B-,48
b0781,AB+,15
b0781,AB-,28
b0781,O+,85
b0781,O-,38
b0782,A+,38
b0782,A-,61
b0782,B+,46
b0782,B-,77
b0782,AB+,61
b0782,AB-,32
b0782,O+,36
b0782,O-,96
b0783,A+,10
b0783,A-,9
b0783,B+,24
b0783,B-,2
b0783,AB+,3
b0783,AB-,96
b0783,O+,54
b0783,O-,9
b0784,A+,63
b0784,A-,22
b0784,B+,41
b0784,B-,36
b0784,AB+,92
b0784,AB-,95
b0784,O+,6
b0784,O-,4
b0785,A+,77
b0785,A-,25
b0785,B+,46
b0785,B-,70
b0785,AB+,2
b0785,AB-,2
b0785,O+,39
b0785,O-,57
b0786,A+,68
b0786,A-,87
b0786,B+,20
b0786,B-,59
b0786,AB+,22
b0786,AB-,22
b0786,O+,25
b0786,O-,9
b0787,A+,18
b0787,A-,27
b0787,B+,33
b0787,B-,58
b0787,AB+,71
b0787,AB-,6
b0787,O+,36
b0787,O-,52
b0788,A+,80
b0788,A-,70
b0788,B+,84
b0788,B-,70
b0788,AB+,86
b0788,AB-,2
b0788,O+,77
b0788,O-,42
b0789,A+,4
b0789,A-,55
b0789,B+,80
b0789,B-,0
b0789,AB+,34
b0789,AB-,91
b0789,O+,20
b0789,O-,99
b0790,A+,48
b0790,A-,21
b0790,B+,8
b0790,B-,2
b0790,AB+,40
b0790,AB-,22
b0790,O+,6
b0790,O-,17
b0791,A+,62
b0791,A-,24
b0791,B+,25
b0791,B-,7
b0791,AB+,23
b0791,AB-,53
b0791,O+,31
b0791,O-,76
b0792,A+,59
b0792,A-,49
b0792,B+,26
b0792,B-,61
b0792,AB+,64
b0792,AB-,27
b0792,O+,34
b0792,O-,48
b0793,A+,60
b0793,A-,71
b0793,B+,38
b0793,B-,21
b0793,AB+,0
b0793,AB-,17
b0793,O+,63
b0793,O-,33
b0794,A+,27
b0794,A-,42
b0794,B+,92
b0794,B-,57
b0794,AB+,21
b0794,AB-,48
b0794,O+,47
b0794,O-,82
b0795,A+,96
b0795,A-,88
b0795,B+,59
b0795,B-,67
b0795,AB+,35
b0795,AB-,62
b0795,O+,4
b0795,O-,84
b0796,A+,98
b0796,A-,13
b0796,B+,34
b0796,B-,63
b0796,AB+,24
b0796,AB-,34
b0796,O+,90
b0796,O-,6
b0797,A+,22
b0797,A-,34
b0797,B+,55
b0797,B-,64
b0797,AB+,100
b0797,AB-,81
b0797,O+,18
b0797,O-,49
b0798,A+,18
b0798,A-,56
b0798,B+,97
b0798,B-,52
b0798,AB+,98
b0798,AB-,25
b0798,O+,88
b0798,O-,74
b0799,A+,73
b0799,A-,38
b0799,B+,15
b0799,B-,91
b0799,AB+,95
b0799,AB-,73
b0799,O+,98
b0799,O-,31
b0800,A+,23
b0800,A-,56
b0800,B+,53
b0800,B-,91
b0800,AB+,71
b0800,AB-,49
b0800,O+,40
b0800,O-,48
b0801,A+,30
b0801,A-,63
b0801,B+,13
b0801,B-,1
b0801,AB+,33
b0801,AB-,58
b0801,O+,96
b0801,O-,33
b0802,A+,51
b0802,A-,71
b0802,B+,79
b0802,B-,97
b0802,AB+,59
b0802,AB-,59
b0802,O+,43
b0802,O-,37
b0803,A+,50
b0803,A-,27
b0803,B+,38
b0803,B-,40
b0803,AB+,38
b0803,AB-,46
b0803,O+,82
b0803,O-,61
b0804,A+,23
b0804,A-,76
b0804,B+,8
b0804,B-,73
b0804,AB+,43
b0804,AB-,65
b0804,O+,89
b0804,O-,20
b0805,A+,87
b0805,A-,8
b0805,B+,21
b0805,B-,77
b0805,AB+,54
b0805,AB-,38
b0805,O+,70
b0805,O-,97
b0806,A+,93
b0806,A-,98
b0806,B+,14
b0806,B-,51
b0806,AB+,39
b0806,AB-,41
b0806,O+,1
b0806,O-,29
b0807,A+,31
b0807,A-,100
b0807,B+,40
b0807,B-,15
b0807,AB+,8
b0807,AB-,0
b0807,O+,94
b0807,O-,68
b0808,A+,9
b0808,A-,5
b0808,B+,48
b0808,B-,97
b0808,AB+,41
b0808,AB-,8
b0808,O+,93
b0808,O-,94
b0809,A+,73
b0809,A-,13
b0809,B+,16
b0809,B-,61
b0809,AB+,7
b0809,AB-,90
b0809,O+,90
b0809,O-,61
b0810,A+,34
b0810,A-,100
b0810,B+,46
b0810,B-,5
b0810,AB+,80
b0810,AB-,6
b0810,O+,82
b0810,O-,94
b0811,A+,76
b0811,A-,85
b0811,B+,37
b0811,B-,55
b0811,AB+,81
b0811,AB-,94
b0811,O+,0
b0811,O-,79
b0812,A+,41
b0812,A-,3
b0812,B+,14
b0812,B-,1
b0812,AB+,46
b0812,AB-,97
b0812,O+,28
b0812,O-,74
b0813,A+,52
b0813,A-,54
b0813,B+,20
b0813,B-,39
b0813,AB+,60
b0813,AB-,63
b0813,O+,17
b0813,O-,13
b0814,A+,38
b0814,A-,8
b0814,B+,4
b0814,B-,43
b0814,AB+,65
b0814,AB-,35
b0814,O+,17
b0814,O-,59
b0815,A+,8
b0815,A-,51
b0815,B+,73
b0815,B-,8
b0815,AB+,7
b0815,AB-,66
b0815,O+,39
b0815,O-,49
b0816,A+,89
b0816,A-,97
b0816,B+,30
b0816,B-,20
b0816,AB+,40
b0816,AB-,22
b0816,O+,68
b0816,O-,81
b0817,A+,31
b0817,A-,53
b0817,B+,94
b0817,B-,52
b0817,AB+,48
b0817,AB-,6
b0817,O+,90
b0817,O-,4
b0818,A+,26
b0818,A-,82
b0818,B+,21
b0818,B-,47
b0818,AB+,1
b0818,AB-,10
b0818,O+,45
b0818,O-,7
b0819,A+,34
b0819,A-,39
b0819,B+,20
b0819,B-,39
b0819,AB+,5
b0819,AB-,76
b0819,O+,100
b0819,O-,2
b0820,A+,13
b0820,A-,72
b0820,B+,35
b0820,B-,86
b0820,AB+,31
b0820,AB-,90
b0820,O+,51
b0820,O-,63
b0821,A+,20
b0821,A-,4
b0821,B+,27
b0821,B-,54
b0821,AB+,41
b0821,AB-,5
b0821,O+,69
b0821,O-,4
b0822,A+,33
b0822,A-,12
b0822,B+,91
b0822,B-,93
b0822,AB+,4
b0822,AB-,34
b0822,O+,94
b0822,O-,33
b0823,A+,11
b0823,A-,74
b0823,B+,14
b0823,B-,92
b0823,AB+,94
b0823,AB-,88
b0823,O+,71
b0823,O-,98
b0824,A+,13
b0824,A-,51
b0824,B+,64
b0824,B-,12
b0824,AB+,15
b0824,AB-,16
b0824,O+,95
b0824,O-,36
b0825,A+,56
b0825,A-,45
b0825,B+,89
b0825,B-,74
b0825,AB+,30
b0825,AB-,24
b0825,O+,64
b0825,O-,7
b0826,A+,89
b0826,A-,18
b0826,B+,95
b0826,B-,11
b0826,AB+,30
b0826,AB-,37
b0826,O+,61
b0826,O-,49
b0827,A+,45
b0827,A-,97
b0827,B+,43
b0827,B-,19
b0827,AB+,89
b0827,AB-,96
b0827,O+,64
b0827,O-,75
b0828,A+,73
b0828,A-,19
b0828,B+,1
b0828,B-,26
b0828,AB+,40
b0828,AB-,91
b0828,O+,45
b0828,O-,77
b0829,A+,0
b0829,A-,97
b0829,B+,33
b0829,B-,94
b0829,AB+,85
b0829,AB-,2
b0829,O+,38
b0829,O-,81
b0830,A+,25
b0830,A-,14
b0830,B+,28
b0830,B-,17
b0830,AB+,72
b0830,AB-,41
b0830,O+,11
b0830,O-,56
b0831,A+,62
b0831,A-,42
b0831,B+,17
b0831,B-,58
b0831,AB+,79
b0831,AB-,11
b0831,O+,50
b0831,O-,62
b0832,A+,32
b0832,A-,91
b0832,B+,45
b0832,B-,80
b0832,AB+,81
b0832,AB-,27
b0832,O+,67
b0832,O-,54
b0833,A+,35
b0833,A-,17
b0833,B+,40
b0833,B-,97
b0833,AB+,25
b0833,AB-,61
b0833,O+,65
b0833,O-,23
b0834,A+,74
b0834,A-,34
b0834,B+,14
b0834,B-,71
b0834,AB+,31
b0834,AB-,95
b0834,O+,92
b0834,O-,30
b0835,A+,22
b0835,A-,47
b0835,B+,75
b0835,B-,52
b0835,AB+,39
b0835,AB-,76
b0835,O+,12
b0835,O-,99
b0836,A+,34
b0836,A-,9
b0836,B+,90
b0836,B-,83
b0836,AB+,20
b0836,AB-,86
b0836,O+,35
b0836,O-,75
b0837,A+,4
b0837,A-,11
b0837,B+,62
b0837,B-,63
b0837,AB+,39
b0837,AB-,81
b0837,O+,70
b0837,O-,93
b0838,A+,2
b0838,A-,11
b0838,B+,31
b0838,B-,94
b0838,AB+,3
b0838,AB-,4
b0838,O+,9
b0838,O-,26
b0839,A+,82
b0839,A-,19
b0839,B+,76
b0839,B-,20
b0839,AB+,9
b0839,AB-,34
b0839,O+,23
b0839,O-,58
b0840,A+,54
b0840,A-,82
b0840,B+,72
b0840,B-,40
b0840,AB+,52
b0840,AB-,98
b0840,O+,67
b0840,O-,82
b0841,A+,10
b0841,A-,46
b0841,B+,43
b0841,B-,50
b0841,AB+,55
b0841,AB-,75
b0841,O+,17
b0841,O-,67
b0842,A+,88
b0842,A-,8
b0842,B+,3
b0842,B-,56
b0842,AB+,88
b0842,AB-,76
b0842,O+,39
b0842,O-,90
b0843,A+,82
b0843,A-,63
b0843,B+,21
b0843,B-,68
b0843,AB+,74
b0843,AB-,68
b0843,O+,6
b0843,O-,69
b0844,A+,73
b0844,A-,48
b0844,B+,77
b0844,B-,2
b0844,AB+,20
b0844,AB-,0
b0844,O+,30
b0844,O-,28
b0845,A+,94
b0845,A-,46
b0845,B+,17
b0845,B-,87
b0845,AB+,23
b0845,AB-,67
b0845,O+,89
b0845,O-,89
b0846,A+,17
b0846,A-,100
b0846,B+,91
b0846,B-,81
b0846,AB+,21
b0846,AB-,0
b0846,O+,41
b0846,O-,94
b0847,A+,96
b0847,A-,9
b0847,B+,41
b0847,B-,2
b0847,AB+,39
b0847,AB-,25
b0847,O+,30
b0847,O-,54
b0848,A+,36
b0848,A-,31
b0848,B+,42
b0848,B-,81
b0848,AB+,63
b0848,AB-,16
b0848,O+,3
b0848,O-,28
b0849,A+,7
b0849,A-,89
b0849,B+,3
b0849,B-,16
b0849,AB+,96
b0849,AB-,63
b0849,O+,85
b0849,O-,53
b0850,A+,49
b0850,A-,8
b0850,B+,68
b0850,B-,55
b0850,AB+,86
b0850,AB-,21
b0850,O+,77
b0850,O-,15
b0851,A+,52
b0851,A-,87
b0851,B+,33
b0851,B-,22
b0851,AB+,94
b0851,AB-,75
b0851,O+,18
b0851,O-,44
b0852,A+,17
b0852,A-,51
b0852,B+,69
b0852,B-,34
b0852,AB+,94
b0852,AB-,66
b0852,O+,42
b0852,O-,38
b0853,A+,33
b0853,A-,61
b0853,B+,4
b0853,B-,46
b0853,AB+,92
b0853,AB-,89
b0853,O+,91
b0853,O-,92
b0854,A+,27
b0854,A-,23
b0854,B+,68
b0854,B-,46
b0854,AB+,56
b0854,AB-,46
b0854,O+,69
b0854,O-,9
b0855,A+,61
b0855,A-,19
b0855,B+,62
b0855,B-,72
b0855,AB+,17
b0855,AB-,37
b0855,O+,72
b0855,O-,43
b0856,A+,96
b0856,A-,93
b0856,B+,2
b0856,B-,13
b0856,AB+,79
b0856,AB-,91
b0856,O+,71
b0856,O-,48
b0857,A+,61
b0857,A-,26
b0857,B+,82
b0857,B-,20
b0857,AB+,96
b0857,AB-,92
b0857,O+,83
b0857,O-,4
b0858,A+,75
b0858,A-,44
b0858,B+,92
b0858,B-,52
b0858,AB+,34
b0858,AB-,24
b0858,O+,1
b0858,O-,41
b0859,A+,96
b0859,A-,37
b0859,B+,48
b0859,B-,26
b0859,AB+,42
b0859,AB-,51
b0859,O+,23
b0859,O-,97
b0860,A+,45
b0860,A-,91
b0860,B+,84
b0860,B-,4
b0860,AB+,51
b0860,AB-,46
b0860,O+,24
b0860,O-,87
b0861,A+,98
b0861,A-,98
b0861,B+,93
b0861,B-,68
b0861,AB+,75
b0861,AB-,20
b0861,O+,29
b0861,O-,37
b0862,A+,93
b0862,A-,9
b0862,B+,65
b0862,B-,51
b0862,AB+,31
b0862,AB-,45
b0862,O+,55
b0862,O-,54
b0863,A+,60
b0863,A-,24
b0863,B+,90
b0863,B-,92
b0863,AB+,43
b0863,AB-,30
b0863,O+,37
b0863,O-,4
b0864,A+,54
b0864,A-,31
b0864,B+,70
b0864,B-,67
b0864,AB+,98
b0864,AB-,23
b0864,O+,18
b0864,O-,72
b0865,A+,34
b0865,A-,85
b0865,B+,83
b0865,B-,71
b0865,AB+,66
b0865,AB-,17
b0865,O+,13
b0865,O-,3
b0866,A+,73
b0866,A-,1
b0866,B+,61
b0866,B-,50
b0866,AB+,84
b0866,AB-,29
b0866,O+,86
b0866,O-,66
b0867,A+,0
b0867,A-,26
b0867,B+,70
b0867,B-,3
b0867,AB+,97
b0867,AB-,42
b0867,O+,95
b0867,O-,87
b0868,A+,63
b0868,A-,40
b0868,B+,47
b0868,B-,5
b0868,AB+,55
b0868,AB-,31
b0868,O+,60
b0868,O-,4
b0869,A+,16
b0869,A-,13
b0869,B+,73
b0869,B-,13
b0869,AB+,51
b0869,AB-,1
b0869,O+,17
b0869,O-,86
b0870,A+,62
b0870,A-,39
b0870,B+,97
b0870,B-,93
b0870,AB+,59
b0870,AB-,13
b0870,O+,59
b0870,O-,84
b0871,A+,71
b0871,A-,84
b0871,B+,47
b0871,B-,58
b0871,AB+,69
b0871,AB-,100
b0871,O+,89
b0871,O-,95
b0872,A+,40
b0872,A-,25
b0872,B+,97
b0872,B-,28
b0872,AB+,97
b0872,AB-,30
b0872,O+,44
b0872,O-,100
b0873,A+,49
b0873,A-,82
b0873,B+,20
b0873,B-,91
b0873,AB+,94
b0873,AB-,97
b0873,O+,3
b0873,O-,92
b0874,A+,83
b0874,A-,0
b0874,B+,38
b0874,B-,16
b0874,AB+,44
b0874,AB-,42
b0874,O+,91
b0874,O-,66
b0875,A+,12
b0875,A-,33
b0875,B+,31
b0875,B-,77
b0875,AB+,82
b0875,AB-,54
b0875,O+,67
b0875,O-,11
b0876,A+,8
b0876,A-,85
b0876,B+,55
b0876,B-,67
b0876,AB+,64
b0876,AB-,80
b0876,O+,65
b0876,O-,32
b0877,A+,7
b0877,A-,67
b0877,B+,69
b0877,B-,78
b0877,AB+,74
b0877,AB-,24
b0877,O+,46
b0877,O-,33
b0878,A+,53
b0878,A-,85
b0878,B+,89
b0878,B-,2
b0878,AB+,55
b0878,AB-,9
b0878,O+,77
b0878,O-,87
b0879,A+,30
b0879,A-,60
b0879,B+,50
b0879,B-,90
b0879,AB+,80
b0879,AB-,96
b0879,O+,76
b0879,O-,52
b0880,A+,13
b0880,A-,36
b0880,B+,21
b0880,B-,67
b0880,AB+,0
b0880,AB-,78
b0880,O+,63
b0880,O-,23
b0881,A+,21
b0881,A-,13
b0881,B+,77
b0881,B-,80
b0881,AB+,79
b0881,AB-,51
b0881,O+,3
b0881,O-,14
b0882,A+,45
b0882,A-,83
b0882,B+,61
b0882,B-,36
b0882,AB+,98
b0882,AB-,100
b0882,O+,5
b0882,O-,57
b0883,A+,53
b0883,A-,60
b0883,B+,75
b0883,B-,1
b0883,AB+,97
b0883,AB-,8
b0883,O+,73
b0883,O-,83
b0884,A+,38
b0884,A-,96
b0884,B+,86
b0884,B-,85
b0884,AB+,53
b0884,AB-,30
b0884,O+,3
b0884,O-,70
b0885,A+,90
b0885,A-,18
b0885,B+,42
b0885,B-,17
b0885,AB+,1
b0885,AB-,79
b0885,O+,5
b0885,O-,44
b0886,A+,92
b0886,A-,96
b0886,B+,30
b0886,B-,6
b0886,AB+,51
b0886,AB-,12
b0886,O+,68
b0886,O-,1
b0887,A+,61
b0887,A-,96
b0887,B+,17
b0887,B-,35
b0887,AB+,7
b0887,AB-,71
b0887,O+,24
b0887,O-,29
b0888,A+,84
b0888,A-,59
b0888,B+,2
b0888,B-,86
b0888,AB+,57
b0888,AB-,76
b0888,O+,64
b0888,O-,14
b0889,A+,22
b0889,A-,32
b0889,B+,94
b0889,B-,99
b0889,AB+,19
b0889,AB-,83
b0889,O+,45
b0889,O-,12
b0890,A+,84
b0890,A-,53
b0890,B+,84
b0890,B-,40
b0890,AB+,76
b0890,AB-,26
b0890,O+,77
b0890,O-,91
b0891,A+,32
b0891,A-,30
b0891,B+,2
b0891,B-,16
b0891,AB+,45
b0891,AB-,50
b0891,O+,23
b0891,O-,33
b0892,A+,25
b0892,A-,29
b0892,B+,93
b0892,B-,72
b0892,AB+,66
b0892,AB-,60
b0892,O+,76
b0892,O-,11
b0893,A+,59
b0893,A-,21
b0893,B+,96
b0893,B-,92
b0893,AB+,33
b0893,AB-,88
b0893,O+,48
b0893,O-,3
b0894,A+,1
b0894,A-,35
b0894,B+,45
b0894,B-,51
b0894,AB+,73
b0894,AB-,43
b0894,O+,93
b0894,O-,16
b0895,A+,8
b0895,A-,67
b0895,B+,81
b0895,B-,4
b0895,AB+,66
b0895,AB-,8
b0895,O+,27
b0895,O-,45
b0896,A+,50
b0896,A-,84
b0896,B+,96
b0896,B-,88
b0896,AB+,68
b0896,AB-,9
b0896,O+,68
b0896,O-,36
b0897,A+,14
b0897,A-,98
b0897,B+,97
b0897,B-,5
b0897,AB+,33
b0897,AB-,52
b0897,O+,51
b0897,O-,83
b0898,A+,62
b0898,A-,67
b0898,B+,61
b0898,B-,28
b0898,AB+,48
b0898,AB-,43
b0898,O+,99
b0898,O-,77
b0899,A+,8
b0899,A-,94
b0899,B+,53
b0899,B-,18
b0899,AB+,88
b0899,AB-,23
b0899,O+,85
b0899,O-,41
b0900,A+,0
b0900,A-,78
b0900,B+,68
b0900,B-,81
b0900,AB+,74
b0900,AB-,60
b0900,O+,7
b0900,O-,83
b0901,A+,12
b0901,A-,29
b0901,B+,66
b0901,B-,1
b0901,AB+,32
b0901,AB-,66
b0901,O+,36
b0901,O-,89
b0902,A+,16
b0902,A-,95
b0902,B+,80
b0902,B-,19
b0902,AB+,66
b0902,AB-,16
b0902,O+,75
b0902,O-,31
b0903,A+,78
b0903,A-,32
b0903,B+,68
b0903,B-,24
b0903,AB+,86
b0903,AB-,68
b0903,O+,72
b0903,O-,73
b0904,A+,69
b0904,A-,63
b0904,B+,15
b0904,B-,52
b0904,AB+,91
b0904,AB-,56
b0904,O+,100
b0904,O-,81
b0905,A+,29
b0905,A-,45
b0905,B+,58
b0905,B-,86
b0905,AB+,83
b0905,AB-,92
b0905,O+,33
b0905,O-,6
b0906,A+,10
b0906,A-,50
b0906,B+,63
b0906,B-,14
b0906,AB+,87
b0906,AB-,57
b0906,O+,70
b0906,O-,74
b0907,A+,84
b0907,A-,66
b0907,B+,46
b0907,B-,91
b0907,AB+,61
b0907,AB-,89
b0907,O+,89
b0907,O-,6
b0908,A+,90
b0908,A-,8
b0908,B+,65
b0908,B-,97
b0908,AB+,40
b0908,AB-,63
b0908,O+,50
b0908,O-,30
b0909,A+,80
b0909,A-,75
b0909,B+,12
b0909,B-,24
b0909,AB+,64
b0909,AB-,37
b0909,O+,3
b0909,O-,79
b0910,A+,57
b0910,A-,19
b0910,B+,68
b0910,B-,20
b0910,AB+,76
b0910,AB-,56
b0910,O+,47
b0910,O-,44
b0911,A+,61
b0911,A-,67
b0911,B+,67
b0911,B-,61
b0911,AB+,88
b0911,AB-,75
b0911,O+,3
b0911,O-,46
b0912,A+,53
b0912,A-,84
b0912,B+,70
b0912,B-,7
b0912,AB+,95
b0912,AB-,27
b0912,O+,44
b0912,O-,68
b0913,A+,70
b0913,A-,5
b0913,B+,87
b0913,B-,23
b0913,AB+,34
b0913,AB-,78
b0913,O+,79
b0913,O-,57
b0914,A+,99
b0914,A-,53
b0914,B+,91
b0914,B-,10
b0914,AB+,36
b0914,AB-,68
b0914,O+,28
b0914,O-,21
b0915,A+,24
b0915,A-,65
b0915,B+,41
b0915,B-,4
b0915,AB+,93
b0915,AB-,22
b0915,O+,41
b0915,O-,76
b0916,A+,87
b0916,A-,89
b0916,B+,34
b0916,B-,6
b0916,AB+,48
b0916,AB-,59
b0916,O+,37
b0916,O-,40
b0917,A+,34
b0917,A-,83
b0917,B+,98
b0917,B-,51
b0917,AB+,94
b0917,AB-,92
b0917,O+,19
b0917,O-,35
b0918,A+,4
b0918,A-,35
b0918,B+,31
b0918,B-,50
b0918,AB+,50
b0918,AB-,64
b0918,O+,10
b0918,O-,52
b0919,A+,18
b0919,A-,21
b0919,B+,34
b0919,B-,14
b0919,AB+,68
b0919,AB-,67
b0919,O+,64
b0919,O-,66
b0920,A+,100
b0920,A-,88
b0920,B+,98
b0920,B-,73
b0920,AB+,40
b0920,AB-,8
b0920,O+,27
b0920,O-,53
b0921,A+,36
b0921,A-,26
b0921,B+,78
b0921,B-,80
b0921,AB+,25
b0921,AB-,16
b0921,O+,37
b0921,O-,47
b0922,A+,59
b0922,A-,52
b0922,B+,86
b0922,B-,13
b0922,AB+,71
b0922,AB-,87
b0922,O+,52
b0922,O-,3
b0923,A+,56
b0923,A-,5
b0923,B+,74
b0923,B-,62
b0923,AB+,19
b0923,AB-,56
b0923,O+,89
b0923,O-,13
b0924,A+,21
b0924,A-,84
b0924,B+,80
b0924,B-,17
b0924,AB+,44
b0924,AB-,53
b0924,O+,98
b0924,O-,59
b0925,A+,64
b0925,A-,8
b0925,B+,80
b0925,B-,8
b0925,AB+,89
b0925,AB-,23
b0925,O+,50
b0925,O-,99
b0926,A+,97
b0926,A-,8
b0926,B+,49
b0926,B-,3
b0926,AB+,100
b0926,AB-,19
b0926,O+,42
b0926,O-,56
b0927,A+,84
b0927,A-,17
b0927,B+,91
b0927,B-,81
b0927,AB+,90
b0927,AB-,29
b0927,O+,37
b0927,O-,22
b0928,A+,16
b0928,A-,21
b0928,B+,65
b0928,B-,95
b0928,AB+,14
b0928,AB-,93
b0928,O+,72
b0928,O-,93
b0929,A+,50
b0929,A-,38
b0929,B+,77
b0929,B-,82
b0929,AB+,46
b0929,AB-,90
b0929,O+,24
b0929,O-,90
b0930,A+,35
b0930,A-,24
b0930,B+,33
b0930,B-,59
b0930,AB+,68
b0930,AB-,40
b0930,O+,8
b0930,O-,69
b0931,A+,58
b0931,A-,28
b0931,B+,42
b0931,B-,59
b0931,AB+,83
b0931,AB-,94
b0931,O+,66
b0931,O-,0
b0932,A+,69
b0932,A-,38
b0932,B+,38
b0932,B-,78
b0932,AB+,56
b0932,AB-,81
b0932,O+,64
b0932,O-,32
b0933,A+,18
b0933,A-,86
b0933,B+,14
b0933,B-,72
b0933,AB+,16
b0933,AB-,50
b0933,O+,44
b0933,O-,17
b0934,A+,48
b0934,A-,28
b0934,B+,54
b0934,B-,86
b0934,AB+,88
b0934,AB-,14
b0934,O+,55
b0934,O-,10
b0935,A+,85
b0935,A-,98
b0935,B+,43
b0935,B-,24
b0935,AB+,28
b0935,AB-,21
b0935,O+,6
b0935,O-,32
b0936,A+,74
b0936,A-,33
b0936,B+,38
b0936,B-,87
b0936,AB+,39
b0936,AB-,54
b0936,O+,75
b0936,O-,99
b0937,A+,87
b0937,A-,77
b0937,B+,90
b0937,B-,63
b0937,AB+,55
b0937,AB-,3
b0937,O+,41
b0937,O-,36
b0938,A+,46
b0938,A-,93
b0938,B+,43
b0938,B-,40
b0938,AB+,24
b0938,AB-,35
b0938,O+,100
b0938,O-,97
b0939,A+,4
b0939,A-,56
b0939,B+,6
b0939,B-,86
b0939,AB+,36
b0939,AB-,3
b0939,O+,10
b0939,O-,70
b0940,A+,58
b0940,A-,80
b0940,B+,0
b0940,B-,70
b0940,AB+,66
b0940,AB-,66
b0940,O+,37
b0940,O-,0
b0941,A+,53
b0941,A-,2
b0941,B+,66
b0941,B-,87
b0941,AB+,34
b0941,AB-,59
b0941,O+,53
b0941,O-,83
b0942,A+,23
b0942,A-,93
b0942,B+,91
b0942,B-,69
b0942,AB+,59
b0942,AB-,9
b0942,O+,85
b0942,O-,25
b0943,A+,59
b0943,A-,82
b0943,B+,5
b0943,B-,70
b0943,AB+,27
b0943,AB-,54
b0943,O+,86
b0943,O-,41
b0944,A+,29
b0944,A-,98
b0944,B+,78
b0944,B-,23
b0944,AB+,42
b0944,AB-,45
b0944,O+,57
b0944,O-,80
b0945,A+,52
b0945,A-,47
b0945,B+,49
b0945,B-,92
b0945,AB+,29
b0945,AB-,10
b0945,O+,33
b0945,O-,20
b0946,A+,71
b0946,A-,48
b0946,B+,56
b0946,B-,82
b0946,AB+,0
b0946,AB-,100
b0946,O+,6
b0946,O-,9
b0947,A+,66
b0947,A-,99
b0947,B+,5
b0947,B-,60
b0947,AB+,62
b0947,AB-,14
b0947,O+,17
b0947,O-,59
b0948,A+,2
b0948,A-,62
b0948,B+,11
b0948,B-,99
b0948,AB+,59
b0948,AB-,59
b0948,O+,79
b0948,O-,78
b0949,A+,94
b0949,A-,87
b0949,B+,24
b0949,B-,8
b0949,AB+,97
b0949,AB-,36
b0949,O+,80
b0949,O-,56
b0950,A+,2
b0950,A-,42
b0950,B+,13
b0950,B-,18
b0950,AB+,37
b0950,AB-,26
b0950,O+,100
b0950,O-,53
b0951,A+,13
b0951,A-,62
b0951,B+,12
b0951,B-,67
b0951,AB+,54
b0951,AB-,43
b0951,O+,42
b0951,O-,27
b0952,A+,24
b0952,A-,3
b0952,B+,69
b0952,B-,85
b0952,AB+,85
b0952,AB-,20
b0952,O+,89
b0952,O-,66
b0953,A+,65
b0953,A-,80
b0953,B+,3
b0953,B-,27
b0953,AB+,76
b0953,AB-,30
b0953,O+,56
b0953,O-,29
b0954,A+,56
b0954,A-,0
b0954,B+,91
b0954,B-,58
b0954,AB+,41
b0954,AB-,1
b0954,O+,58
b0954,O-,92
b0955,A+,96
b0955,A-,38
b0955,B+,55
b0955,B-,68
b0955,AB+,74
b0955,AB-,47
b0955,O+,47
b0955,O-,13
b0956,A+,58
b0956,A-,14
b0956,B+,41
b0956,B-,67
b0956,AB+,44
b0956,AB-,35
b0956,O+,59
b0956,O-,95
b0957,A+,73
b0957,A-,2
b0957,B+,6
b0957,B-,46
b0957,AB+,11
b0957,AB-,54
b0957,O+,92
b0957,O-,67
b0958,A+,98
b0958,A-,63
b0958,B+,85
b0958,B-,26
b0958,AB+,93
b0958,AB-,70
b0958,O+,53
b0958,O-,94
b0959,A+,9
b0959,A-,68
b0959,B+,35
b0959,B-,51
b0959,AB+,98
b0959,AB-,91
b0959,O+,77
b0959,O-,94
b0960,A+,73
b0960,A-,93
b0960,B+,10
b0960,B-,84
b0960,AB+,7
b0960,AB-,78
b0960,O+,56
b0960,O-,31
b0961,A+,97
b0961,A-,8
b0961,B+,88
b0961,B-,15
b0961,AB+,71
b0961,AB-,35
b0961,O+,46
b0961,O-,18
b0962,A+,75
b0962,A-,52
b0962,B+,15
b0962,B-,39
b0962,AB+,62
b0962,AB-,94
b0962,O+,97
b0962,O-,47
b0963,A+,72
b0963,A-,100
b0963,B+,32
b0963,B-,91
b0963,AB+,83
b0963,AB-,50
b0963,O+,90
b0963,O-,59
b0964,A+,16
b0964,A-,57
b0964,B+,98
b0964,B-,34
b0964,AB+,61
b0964,AB-,20
b0964,O+,14
b0964,O-,37
b0965,A+,63
b0965,A-,73
b0965,B+,97
b0965,B-,27
b0965,AB+,29
b0965,AB-,19
b0965,O+,33
b0965,O-,82
b0966,A+,37
b0966,A-,77
b0966,B+,80
b0966,B-,87
b0966,AB+,26
b0966,AB-,61
b0966,O+,86
b0966,O-,29
b0967,A+,6
b0967,A-,10
b0967,B+,87
b0967,B-,90
b0967,AB+,75
b0967,AB-,67
b0967,O+,95
b0967,O-,33
b0968,A+,84
b0968,A-,67
b0968,B+,75
b0968,B-,84
b0968,AB+,74
b0968,AB-,83
b0968,O+,35
b0968,O-,31
b0969,A+,67
b0969,A-,49
b0969,B+,36
b0969,B-,56
b0969,AB+,7
b0969,AB-,60
b0969,O+,5
b0969,O-,0
b0970,A+,59
b0970,A-,3
b0970,B+,2
b0970,B-,17
b0970,AB+,79
b0970,AB-,42
b0970,O+,0
b0970,O-,69
b0971,A+,15
b0971,A-,59
b0971,B+,97
b0971,B-,86
b0971,AB+,54
b0971,AB-,34
b0971,O+,28
b0971,O-,1
b0972,A+,59
b0972,A-,76
b0972,B+,51
b0972,B-,6
b0972,AB+,58
b0972,AB-,77
b0972,O+,83
b0972,O-,86
b0973,A+,84
b0973,A-,21
b0973,B+,4
b0973,B-,51
b0973,AB+,71
b0973,AB-,65
b0973,O+,71
b0973,O-,17
b0974,A+,88
b0974,A-,16
b0974,B+,89
b0974,B-,34
b0974,AB+,29
b0974,AB-,92
b0974,O+,23
b0974,O-,59
b0975,A+,97
b0975,A-,43
b0975,B+,91
b0975,B-,57
b0975,AB+,39
b0975,AB-,48
b0975,O+,24
b0975,O-,88
b0976,A+,91
b0976,A-,89
b0976,B+,82
b0976,B-,25
b0976,AB+,56
b0976,AB-,25
b0976,O+,92
b0976,O-,30
b0977,A+,14
b0977,A-,67
b0977,B+,23
b0977,B-,38
b0977,AB+,14
b0977,AB-,51
b0977,O+,52
b0977,O-,72
b0978,A+,84
b0978,A-,17
b0978,B+,77
b0978,B-,29
b0978,AB+,46
b0978,AB-,6
b0978,O+,28
b0978,O-,65
b0979,A+,25
b0979,A-,58
b0979,B+,27
b0979,B-,77
b0979,AB+,6
b0979,AB-,23
b0979,O+,73
b0979,O-,27
b0980,A+,46
b0980,A-,79
b0980,B+,3
b0980,B-,70
b0980,AB+,99
b0980,AB-,89
b0980,O+,81
b0980,O-,77
b0981,A+,91
b0981,A-,19
b0981,B+,40
b0981,B-,23
b0981,AB+,42
b0981,AB-,56
b0981,O+,22
b0981,O-,55
b0982,A+,13
b0982,A-,28
b0982,B+,24
b0982,B-,6
b0982,AB+,48
b0982,AB-,35
b0982,O+,71
b0982,O-,57
b0983,A+,12
b0983,A-,68
b0983,B+,96
b0983,B-,8
b0983,AB+,39
b0983,AB-,61
b0983,O+,26
b0983,O-,84
b0984,A+,26
b0984,A-,4
b0984,B+,99
b0984,B-,26
b0984,AB+,55
b0984,AB-,93
b0984,O+,84
b0984,O-,89
b0985,A+,28
b0985,A-,20
b0985,B+,62
b0985,B-,1
b0985,AB+,37
b0985,AB-,44
b0985,O+,39
b0985,O-,68
b0986,A+,62
b0986,A-,17
b0986,B+,2
b0986,B-,26
b0986,AB+,44
b0986,AB-,96
b0986,O+,31
b0986,O-,20
b0987,A+,32
b0987,A-,73
b0987,B+,1
b0987,B-,63
b0987,AB+,46
b0987,AB-,20
b0987,O+,12
b0987,O-,48
b0988,A+,82
b0988,A-,41
b0988,B+,40
b0988,B-,57
b0988,AB+,41
b0988,AB-,48
b0988,O+,23
b0988,O-,49
b0989,A+,19
b0989,A-,27
b0989,B+,35
b0989,B-,78
b0989,AB+,88
b0989,AB-,20
b0989,O+,6
b0989,O-,37
b0990,A+,89
b0990,A-,13
b0990,B+,7
b0990,B-,77
b0990,AB+,5
b0990,AB-,8
b0990,O+,45
b0990,O-,97
b0991,A+,62
b0991,A-,36
b0991,B+,83
b0991,B-,59
b0991,AB+,75
b0991,AB-,11
b0991,O+,97
b0991,O-,41
b0992,A+,78
b0992,A-,71
b0992,B+,58
b0992,B-,17
b0992,AB+,68
b0992,AB-,53
b0992,O+,74
b0992,O-,21
b0993,A+,46
b0993,A-,31
b0993,B+,25
b0993,B-,73
b0993,AB+,12
b0993,AB-,99
b0993,O+,31
b0993,O-,7
b0994,A+,39
b0994,A-,92
b0994,B+,65
b0994,B-,52
b0994,AB+,64
b0994,AB-,4
b0994,O+,72
b0994,O-,84
b0995,A+,61
b0995,A-,51
b0995,B+,65
b0995,B-,6
b0995,AB+,57
b0995,AB-,41
b0995,O+,3
b0995,O-,19
b0996,A+,95
b0996,A-,2
b0996,B+,100
b0996,B-,18
b0996,AB+,19
b0996,AB-,64
b0996,O+,54
b0996,O-,16
b0997,A+,4
b0997,A-,72
b0997,B+,76
b0997,B-,64
b0997,AB+,71
b0997,AB-,60
b0997,O+,32
b0997,O-,68
b0998,A+,91
b0998,A-,91
b0998,B+,27
b0998,B-,59
b0998,AB+,5
b0998,AB-,14
b0998,O+,71
b0998,O-,14
b0999,A+,100
b0999,A-,31
b0999,B+,15
b0999,B-,75
b0999,AB+,22
b0999,AB-,34
b0999,O+,4
b0999,O-,53
